email,password
user1@example.com,password123
user2@example.com,password123
user3@example.com,password123
user4@example.com,password123
user5@example.com,password123
user6@example.com,password123
user7@example.com,password123
user8@example.com,password123
user9@example.com,password123
user10@example.com,password123
user11@example.com,password123
user12@example.com,password123
user13@example.com,password123
user14@example.com,password123
user15@example.com,password123
user16@example.com,password123
user17@example.com,password123
user18@example.com,password123
user19@example.com,password123
user20@example.com,password123
user21@example.com,password123
user22@example.com,password123
user23@example.com,password123
user24@example.com,password123
user25@example.com,password123
user26@example.com,password123
user27@example.com,password123
user28@example.com,password123
user29@example.com,password123
user30@example.com,password123
user31@example.com,password123
user32@example.com,password123
user33@example.com,password123
user34@example.com,password123
user35@example.com,password123
user36@example.com,password123
user37@example.com,password123
user38@example.com,password123
user39@example.com,password123
user40@example.com,password123
user41@example.com,password123
user42@example.com,password123
user43@example.com,password123
user44@example.com,password123
user45@example.com,password123
user46@example.com,password123
user47@example.com,password123
user48@example.com,password123
user49@example.com,password123
user50@example.com,password123
user51@example.com,password123
user52@example.com,password123
user53@example.com,password123
user54@example.com,password123
user55@example.com,password123
user56@example.com,password123
user57@example.com,password123
user58@example.com,password123
user59@example.com,password123
user60@example.com,password123
user61@example.com,password123
user62@example.com,password123
user63@example.com,password123
user64@example.com,password123
user65@example.com,password123
user66@example.com,password123
user67@example.com,password123
user68@example.com,password123
user69@example.com,password123
user70@example.com,password123
user71@example.com,password123
user72@example.com,password123
user73@example.com,password123
user74@example.com,password123
user75@example.com,password123
user76@example.com,password123
user77@example.com,password123
user78@example.com,password123
user79@example.com,password123
user80@example.com,password123
user81@example.com,password123
user82@example.com,password123
user83@example.com,password123
user84@example.com,password123
user85@example.com,password123
user86@example.com,password123
user87@example.com,password123
user88@example.com,password123
user89@example.com,password123
user90@example.com,password123
user91@example.com,password123
user92@example.com,password123
user93@example.com,password123
user94@example.com,password123
user95@example.com,password123
user96@example.com,password123
user97@example.com,password123
user98@example.com,password123
user99@example.com,password123
user100@example.com,password123
user101@example.com,password123
user102@example.com,password123
user103@example.com,password123
user104@example.com,password123
user105@example.com,password123
user106@example.com,password123
user107@example.com,password123
user108@example.com,password123
user109@example.com,password123
user110@example.com,password123
user111@example.com,password123
user112@example.com,password123
user113@example.com,password123
user114@example.com,password123
user115@example.com,password123
user116@example.com,password123
user117@example.com,password123
user118@example.com,password123
user119@example.com,password123
user120@example.com,password123
user121@example.com,password123
user122@example.com,password123
user123@example.com,password123
user124@example.com,password123
user125@example.com,password123
user126@example.com,password123
user127@example.com,password123
user128@example.com,password123
user129@example.com,password123
user130@example.com,password123
user131@example.com,password123
user132@example.com,password123
user133@example.com,password123
user134@example.com,password123
user135@example.com,password123
user136@example.com,password123
user137@example.com,password123
user138@example.com,password123
user139@example.com,password123
user140@example.com,password123
user141@example.com,password123
user142@example.com,password123
user143@example.com,password123
user144@example.com,password123
user145@example.com,password123
user146@example.com,password123
user147@example.com,password123
user148@example.com,password123
user149@example.com,password123
user150@example.com,password123
user151@example.com,password123
user152@example.com,password123
user153@example.com,password123
user154@example.com,password123
user155@example.com,password123
user156@example.com,password123
user157@example.com,password123
user158@example.com,password123
user159@example.com,password123
user160@example.com,password123
user161@example.com,password123
user162@example.com,password123
user163@example.com,password123
user164@example.com,password123
user165@example.com,password123
user166@example.com,password123
user167@example.com,password123
user168@example.com,password123
user169@example.com,password123
user170@example.com,password123
user171@example.com,password123
user172@example.com,password123
user173@example.com,password123
user174@example.com,password123
user175@example.com,password123
user176@example.com,password123
user177@example.com,password123
user178@example.com,password123
user179@example.com,password123
user180@example.com,password123
user181@example.com,password123
user182@example.com,password123
user183@example.com,password123
user184@example.com,password123
user185@example.com,password123
user186@example.com,password123
user187@example.com,password123
user188@example.com,password123
user189@example.com,password123
user190@example.com,password123
user191@example.com,password123
user192@example.com,password123
user193@example.com,password123
user194@example.com,password123
user195@example.com,password123
user196@example.com,password123
user197@example.com,password123
user198@example.com,password123
user199@example.com,password123
user200@example.com,password123
user201@example.com,password123
user202@example.com,password123
user203@example.com,password123
user204@example.com,password123
user205@example.com,password123
user206@example.com,password123
user207@example.com,password123
user208@example.com,password123
user209@example.com,password123
user210@example.com,password123
user211@example.com,password123
user212@example.com,password123
user213@example.com,password123
user214@example.com,password123
user215@example.com,password123
user216@example.com,password123
user217@example.com,password123
user218@example.com,password123
user219@example.com,password123
user220@example.com,password123
user221@example.com,password123
user222@example.com,password123
user223@example.com,password123
user224@example.com,password123
user225@example.com,password123
user226@example.com,password123
user227@example.com,password123
user228@example.com,password123
user229@example.com,password123
user230@example.com,password123
user231@example.com,password123
user232@example.com,password123
user233@example.com,password123
user234@example.com,password123
user235@example.com,password123
user236@example.com,password123
user237@example.com,password123
user238@example.com,password123
user239@example.com,password123
user240@example.com,password123
user241@example.com,password123
user242@example.com,password123
user243@example.com,password123
user244@example.com,password123
user245@example.com,password123
user246@example.com,password123
user247@example.com,password123
user248@example.com,password123
user249@example.com,password123
user250@example.com,password123
user251@example.com,password123
user252@example.com,password123
user253@example.com,password123
user254@example.com,password123
user255@example.com,password123
user256@example.com,password123
user257@example.com,password123
user258@example.com,password123
user259@example.com,password123
user260@example.com,password123
user261@example.com,password123
user262@example.com,password123
user263@example.com,password123
user264@example.com,password123
user265@example.com,password123
user266@example.com,password123
user267@example.com,password123
user268@example.com,password123
user269@example.com,password123
user270@example.com,password123
user271@example.com,password123
user272@example.com,password123
user273@example.com,password123
user274@example.com,password123
user275@example.com,password123
user276@example.com,password123
user277@example.com,password123
user278@example.com,password123
user279@example.com,password123
user280@example.com,password123
user281@example.com,password123
user282@example.com,password123
user283@example.com,password123
user284@example.com,password123
user285@example.com,password123
user286@example.com,password123
user287@example.com,password123
user288@example.com,password123
user289@example.com,password123
user290@example.com,password123
user291@example.com,password123
user292@example.com,password123
user293@example.com,password123
user294@example.com,password123
user295@example.com,password123
user296@example.com,password123
user297@example.com,password123
user298@example.com,password123
user299@example.com,password123
user300@example.com,password123
user301@example.com,password123
user302@example.com,password123
user303@example.com,password123
user304@example.com,password123
user305@example.com,password123
user306@example.com,password123
user307@example.com,password123
user308@example.com,password123
user309@example.com,password123
user310@example.com,password123
user311@example.com,password123
user312@example.com,password123
user313@example.com,password123
user314@example.com,password123
user315@example.com,password123
user316@example.com,password123
user317@example.com,password123
user318@example.com,password123
user319@example.com,password123
user320@example.com,password123
user321@example.com,password123
user322@example.com,password123
user323@example.com,password123
user324@example.com,password123
user325@example.com,password123
user326@example.com,password123
user327@example.com,password123
user328@example.com,password123
user329@example.com,password123
user330@example.com,password123
user331@example.com,password123
user332@example.com,password123
user333@example.com,password123
user334@example.com,password123
user335@example.com,password123
user336@example.com,password123
user337@example.com,password123
user338@example.com,password123
user339@example.com,password123
user340@example.com,password123
user341@example.com,password123
user342@example.com,password123
user343@example.com,password123
user344@example.com,password123
user345@example.com,password123
user346@example.com,password123
user347@example.com,password123
user348@example.com,password123
user349@example.com,password123
user350@example.com,password123
user351@example.com,password123
user352@example.com,password123
user353@example.com,password123
user354@example.com,password123
user355@example.com,password123
user356@example.com,password123
user357@example.com,password123
user358@example.com,password123
user359@example.com,password123
user360@example.com,password123
user361@example.com,password123
user362@example.com,password123
user363@example.com,password123
user364@example.com,password123
user365@example.com,password123
user366@example.com,password123
user367@example.com,password123
user368@example.com,password123
user369@example.com,password123
user370@example.com,password123
user371@example.com,password123
user372@example.com,password123
user373@example.com,password123
user374@example.com,password123
user375@example.com,password123
user376@example.com,password123
user377@example.com,password123
user378@example.com,password123
user379@example.com,password123
user380@example.com,password123
user381@example.com,password123
user382@example.com,password123
user383@example.com,password123
user384@example.com,password123
user385@example.com,password123
user386@example.com,password123
user387@example.com,password123
user388@example.com,password123
user389@example.com,password123
user390@example.com,password123
user391@example.com,password123
user392@example.com,password123
user393@example.com,password123
user394@example.com,password123
user395@example.com,password123
user396@example.com,password123
user397@example.com,password123
user398@example.com,password123
user399@example.com,password123
user400@example.com,password123
user401@example.com,password123
user402@example.com,password123
user403@example.com,password123
user404@example.com,password123
user405@example.com,password123
user406@example.com,password123
user407@example.com,password123
user408@example.com,password123
user409@example.com,password123
user410@example.com,password123
user411@example.com,password123
user412@example.com,password123
user413@example.com,password123
user414@example.com,password123
user415@example.com,password123
user416@example.com,password123
user417@example.com,password123
user418@example.com,password123
user419@example.com,password123
user420@example.com,password123
user421@example.com,password123
user422@example.com,password123
user423@example.com,password123
user424@example.com,password123
user425@example.com,password123
user426@example.com,password123
user427@example.com,password123
user428@example.com,password123
user429@example.com,password123
user430@example.com,password123
user431@example.com,password123
user432@example.com,password123
user433@example.com,password123
user434@example.com,password123
user435@example.com,password123
user436@example.com,password123
user437@example.com,password123
user438@example.com,password123
user439@example.com,password123
user440@example.com,password123
user441@example.com,password123
user442@example.com,password123
user443@example.com,password123
user444@example.com,password123
user445@example.com,password123
user446@example.com,password123
user447@example.com,password123
user448@example.com,password123
user449@example.com,password123
user450@example.com,password123
user451@example.com,password123
user452@example.com,password123
user453@example.com,password123
user454@example.com,password123
user455@example.com,password123
user456@example.com,password123
user457@example.com,password123
user458@example.com,password123
user459@example.com,password123
user460@example.com,password123
user461@example.com,password123
user462@example.com,password123
user463@example.com,password123
user464@example.com,password123
user465@example.com,password123
user466@example.com,password123
user467@example.com,password123
user468@example.com,password123
user469@example.com,password123
user470@example.com,password123
user471@example.com,password123
user472@example.com,password123
user473@example.com,password123
user474@example.com,password123
user475@example.com,password123
user476@example.com,password123
user477@example.com,password123
user478@example.com,password123
user479@example.com,password123
user480@example.com,password123
user481@example.com,password123
user482@example.com,password123
user483@example.com,password123
user484@example.com,password123
user485@example.com,password123
user486@example.com,password123
user487@example.com,password123
user488@example.com,password123
user489@example.com,password123
user490@example.com,password123
user491@example.com,password123
user492@example.com,password123
user493@example.com,password123
user494@example.com,password123
user495@example.com,password123
user496@example.com,password123
user497@example.com,password123
user498@example.com,password123
user499@example.com,password123
user500@example.com,password123
user501@example.com,password123
user502@example.com,password123
user503@example.com,password123
user504@example.com,password123
user505@example.com,password123
user506@example.com,password123
user507@example.com,password123
user508@example.com,password123
user509@example.com,password123
user510@example.com,password123
user511@example.com,password123
user512@example.com,password123
user513@example.com,password123
user514@example.com,password123
user515@example.com,password123
user516@example.com,password123
user517@example.com,password123
user518@example.com,password123
user519@example.com,password123
user520@example.com,password123
user521@example.com,password123
user522@example.com,password123
user523@example.com,password123
user524@example.com,password123
user525@example.com,password123
user526@example.com,password123
user527@example.com,password123
user528@example.com,password123
user529@example.com,password123
user530@example.com,password123
user531@example.com,password123
user532@example.com,password123
user533@example.com,password123
user534@example.com,password123
user535@example.com,password123
user536@example.com,password123
user537@example.com,password123
user538@example.com,password123
user539@example.com,password123
user540@example.com,password123
user541@example.com,password123
user542@example.com,password123
user543@example.com,password123
user544@example.com,password123
user545@example.com,password123
user546@example.com,password123
user547@example.com,password123
user548@example.com,password123
user549@example.com,password123
user550@example.com,password123
user551@example.com,password123
user552@example.com,password123
user553@example.com,password123
user554@example.com,password123
user555@example.com,password123
user556@example.com,password123
user557@example.com,password123
user558@example.com,password123
user559@example.com,password123
user560@example.com,password123
user561@example.com,password123
user562@example.com,password123
user563@example.com,password123
user564@example.com,password123
user565@example.com,password123
user566@example.com,password123
user567@example.com,password123
user568@example.com,password123
user569@example.com,password123
user570@example.com,password123
user571@example.com,password123
user572@example.com,password123
user573@example.com,password123
user574@example.com,password123
user575@example.com,password123
user576@example.com,password123
user577@example.com,password123
user578@example.com,password123
user579@example.com,password123
user580@example.com,password123
user581@example.com,password123
user582@example.com,password123
user583@example.com,password123
user584@example.com,password123
user585@example.com,password123
user586@example.com,password123
user587@example.com,password123
user588@example.com,password123
user589@example.com,password123
user590@example.com,password123
user591@example.com,password123
user592@example.com,password123
user593@example.com,password123
user594@example.com,password123
user595@example.com,password123
user596@example.com,password123
user597@example.com,password123
user598@example.com,password123
user599@example.com,password123
user600@example.com,password123
user601@example.com,password123
user602@example.com,password123
user603@example.com,password123
user604@example.com,password123
user605@example.com,password123
user606@example.com,password123
user607@example.com,password123
user608@example.com,password123
user609@example.com,password123
user610@example.com,password123
user611@example.com,password123
user612@example.com,password123
user613@example.com,password123
user614@example.com,password123
user615@example.com,password123
user616@example.com,password123
user617@example.com,password123
user618@example.com,password123
user619@example.com,password123
user620@example.com,password123
user621@example.com,password123
user622@example.com,password123
user623@example.com,password123
user624@example.com,password123
user625@example.com,password123
user626@example.com,password123
user627@example.com,password123
user628@example.com,password123
user629@example.com,password123
user630@example.com,password123
user631@example.com,password123
user632@example.com,password123
user633@example.com,password123
user634@example.com,password123
user635@example.com,password123
user636@example.com,password123
user637@example.com,password123
user638@example.com,password123
user639@example.com,password123
user640@example.com,password123
user641@example.com,password123
user642@example.com,password123
user643@example.com,password123
user644@example.com,password123
user645@example.com,password123
user646@example.com,password123
user647@example.com,password123
user648@example.com,password123
user649@example.com,password123
user650@example.com,password123
user651@example.com,password123
user652@example.com,password123
user653@example.com,password123
user654@example.com,password123
user655@example.com,password123
user656@example.com,password123
user657@example.com,password123
user658@example.com,password123
user659@example.com,password123
user660@example.com,password123
user661@example.com,password123
user662@example.com,password123
user663@example.com,password123
user664@example.com,password123
user665@example.com,password123
user666@example.com,password123
user667@example.com,password123
user668@example.com,password123
user669@example.com,password123
user670@example.com,password123
user671@example.com,password123
user672@example.com,password123
user673@example.com,password123
user674@example.com,password123
user675@example.com,password123
user676@example.com,password123
user677@example.com,password123
user678@example.com,password123
user679@example.com,password123
user680@example.com,password123
user681@example.com,password123
user682@example.com,password123
user683@example.com,password123
user684@example.com,password123
user685@example.com,password123
user686@example.com,password123
user687@example.com,password123
user688@example.com,password123
user689@example.com,password123
user690@example.com,password123
user691@example.com,password123
user692@example.com,password123
user693@example.com,password123
user694@example.com,password123
user695@example.com,password123
user696@example.com,password123
user697@example.com,password123
user698@example.com,password123
user699@example.com,password123
user700@example.com,password123
user701@example.com,password123
user702@example.com,password123
user703@example.com,password123
user704@example.com,password123
user705@example.com,password123
user706@example.com,password123
user707@example.com,password123
user708@example.com,password123
user709@example.com,password123
user710@example.com,password123
user711@example.com,password123
user712@example.com,password123
user713@example.com,password123
user714@example.com,password123
user715@example.com,password123
user716@example.com,password123
user717@example.com,password123
user718@example.com,password123
user719@example.com,password123
user720@example.com,password123
user721@example.com,password123
user722@example.com,password123
user723@example.com,password123
user724@example.com,password123
user725@example.com,password123
user726@example.com,password123
user727@example.com,password123
user728@example.com,password123
user729@example.com,password123
user730@example.com,password123
user731@example.com,password123
user732@example.com,password123
user733@example.com,password123
user734@example.com,password123
user735@example.com,password123
user736@example.com,password123
user737@example.com,password123
user738@example.com,password123
user739@example.com,password123
user740@example.com,password123
user741@example.com,password123
user742@example.com,password123
user743@example.com,password123
user744@example.com,password123
user745@example.com,password123
user746@example.com,password123
user747@example.com,password123
user748@example.com,password123
user749@example.com,password123
user750@example.com,password123
user751@example.com,password123
user752@example.com,password123
user753@example.com,password123
user754@example.com,password123
user755@example.com,password123
user756@example.com,password123
user757@example.com,password123
user758@example.com,password123
user759@example.com,password123
user760@example.com,password123
user761@example.com,password123
user762@example.com,password123
user763@example.com,password123
user764@example.com,password123
user765@example.com,password123
user766@example.com,password123
user767@example.com,password123
user768@example.com,password123
user769@example.com,password123
user770@example.com,password123
user771@example.com,password123
user772@example.com,password123
user773@example.com,password123
user774@example.com,password123
user775@example.com,password123
user776@example.com,password123
user777@example.com,password123
user778@example.com,password123
user779@example.com,password123
user780@example.com,password123
user781@example.com,password123
user782@example.com,password123
user783@example.com,password123
user784@example.com,password123
user785@example.com,password123
user786@example.com,password123
user787@example.com,password123
user788@example.com,password123
user789@example.com,password123
user790@example.com,password123
user791@example.com,password123
user792@example.com,password123
user793@example.com,password123
user794@example.com,password123
user795@example.com,password123
user796@example.com,password123
user797@example.com,password123
user798@example.com,password123
user799@example.com,password123
user800@example.com,password123
user801@example.com,password123
user802@example.com,password123
user803@example.com,password123
user804@example.com,password123
user805@example.com,password123
user806@example.com,password123
user807@example.com,password123
user808@example.com,password123
user809@example.com,password123
user810@example.com,password123
user811@example.com,password123
user812@example.com,password123
user813@example.com,password123
user814@example.com,password123
user815@example.com,password123
user816@example.com,password123
user817@example.com,password123
user818@example.com,password123
user819@example.com,password123
user820@example.com,password123
user821@example.com,password123
user822@example.com,password123
user823@example.com,password123
user824@example.com,password123
user825@example.com,password123
user826@example.com,password123
user827@example.com,password123
user828@example.com,password123
user829@example.com,password123
user830@example.com,password123
user831@example.com,password123
user832@example.com,password123
user833@example.com,password123
user834@example.com,password123
user835@example.com,password123
user836@example.com,password123
user837@example.com,password123
user838@example.com,password123
user839@example.com,password123
user840@example.com,password123
user841@example.com,password123
user842@example.com,password123
user843@example.com,password123
user844@example.com,password123
user845@example.com,password123
user846@example.com,password123
user847@example.com,password123
user848@example.com,password123
user849@example.com,password123
user850@example.com,password123
user851@example.com,password123
user852@example.com,password123
user853@example.com,password123
user854@example.com,password123
user855@example.com,password123
user856@example.com,password123
user857@example.com,password123
user858@example.com,password123
user859@example.com,password123
user860@example.com,password123
user861@example.com,password123
user862@example.com,password123
user863@example.com,password123
user864@example.com,password123
user865@example.com,password123
user866@example.com,password123
user867@example.com,password123
user868@example.com,password123
user869@example.com,password123
user870@example.com,password123
user871@example.com,password123
user872@example.com,password123
user873@example.com,password123
user874@example.com,password123
user875@example.com,password123
user876@example.com,password123
user877@example.com,password123
user878@example.com,password123
user879@example.com,password123
user880@example.com,password123
user881@example.com,password123
user882@example.com,password123
user883@example.com,password123
user884@example.com,password123
user885@example.com,password123
user886@example.com,password123
user887@example.com,password123
user888@example.com,password123
user889@example.com,password123
user890@example.com,password123
user891@example.com,password123
user892@example.com,password123
user893@example.com,password123
user894@example.com,password123
user895@example.com,password123
user896@example.com,password123
user897@example.com,password123
user898@example.com,password123
user899@example.com,password123
user900@example.com,password123
user901@example.com,password123
user902@example.com,password123
user903@example.com,password123
user904@example.com,password123
user905@example.com,password123
user906@example.com,password123
user907@example.com,password123
user908@example.com,password123
user909@example.com,password123
user910@example.com,password123
user911@example.com,password123
user912@example.com,password123
user913@example.com,password123
user914@example.com,password123
user915@example.com,password123
user916@example.com,password123
user917@example.com,password123
user918@example.com,password123
user919@example.com,password123
user920@example.com,password123
user921@example.com,password123
user922@example.com,password123
user923@example.com,password123
user924@example.com,password123
user925@example.com,password123
user926@example.com,password123
user927@example.com,password123
user928@example.com,password123
user929@example.com,password123
user930@example.com,password123
user931@example.com,password123
user932@example.com,password123
user933@example.com,password123
user934@example.com,password123
user935@example.com,password123
user936@example.com,password123
user937@example.com,password123
user938@example.com,password123
user939@example.com,password123
user940@example.com,password123
user941@example.com,password123
user942@example.com,password123
user943@example.com,password123
user944@example.com,password123
user945@example.com,password123
user946@example.com,password123
user947@example.com,password123
user948@example.com,password123
user949@example.com,password123
user950@example.com,password123
user951@example.com,password123
user952@example.com,password123
user953@example.com,password123
user954@example.com,password123
user955@example.com,password123
user956@example.com,password123
user957@example.com,password123
user958@example.com,password123
user959@example.com,password123
user960@example.com,password123
user961@example.com,password123
user962@example.com,password123
user963@example.com,password123
user964@example.com,password123
user965@example.com,password123
user966@example.com,password123
user967@example.com,password123
user968@example.com,password123
user969@example.com,password123
user970@example.com,password123
user971@example.com,password123
user972@example.com,password123
user973@example.com,password123
user974@example.com,password123
user975@example.com,password123
user976@example.com,password123
user977@example.com,password123
user978@example.com,password123
user979@example.com,password123
user980@example.com,password123
user981@example.com,password123
user982@example.com,password123
user983@example.com,password123
user984@example.com,password123
user985@example.com,password123
user986@example.com,password123
user987@example.com,password123
user988@example.com,password123
user989@example.com,password123
user990@example.com,password123
user991@example.com,password123
user992@example.com,password123
user993@example.com,password123
user994@example.com,password123
user995@example.com,password123
user996@example.com,password123
user997@example.com,password123
user998@example.com,password123
user999@example.com,password123
user1000@example.com,password123
user1001@example.com,password123
user1002@example.com,password123
user1003@example.com,password123
user1004@example.com,password123
user1005@example.com,password123
user1006@example.com,password123
user1007@example.com,password123
user1008@example.com,password123
user1009@example.com,password123
user1010@example.com,password123
user1011@example.com,password123
user1012@example.com,password123
user1013@example.com,password123
user1014@example.com,password123
user1015@example.com,password123
user1016@example.com,password123
user1017@example.com,password123
user1018@example.com,password123
user1019@example.com,password123
user1020@example.com,password123
user1021@example.com,password123
user1022@example.com,password123
user1023@example.com,password123
user1024@example.com,password123
user1025@example.com,password123
user1026@example.com,password123
user1027@example.com,password123
user1028@example.com,password123
user1029@example.com,password123
user1030@example.com,password123
user1031@example.com,password123
user1032@example.com,password123
user1033@example.com,password123
user1034@example.com,password123
user1035@example.com,password123
user1036@example.com,password123
user1037@example.com,password123
user1038@example.com,password123
user1039@example.com,password123
user1040@example.com,password123
user1041@example.com,password123
user1042@example.com,password123
user1043@example.com,password123
user1044@example.com,password123
user1045@example.com,password123
user1046@example.com,password123
user1047@example.com,password123
user1048@example.com,password123
user1049@example.com,password123
user1050@example.com,password123
user1051@example.com,password123
user1052@example.com,password123
user1053@example.com,password123
user1054@example.com,password123
user1055@example.com,password123
user1056@example.com,password123
user1057@example.com,password123
user1058@example.com,password123
user1059@example.com,password123
user1060@example.com,password123
user1061@example.com,password123
user1062@example.com,password123
user1063@example.com,password123
user1064@example.com,password123
user1065@example.com,password123
user1066@example.com,password123
user1067@example.com,password123
user1068@example.com,password123
user1069@example.com,password123
user1070@example.com,password123
user1071@example.com,password123
user1072@example.com,password123
user1073@example.com,password123
user1074@example.com,password123
user1075@example.com,password123
user1076@example.com,password123
user1077@example.com,password123
user1078@example.com,password123
user1079@example.com,password123
user1080@example.com,password123
user1081@example.com,password123
user1082@example.com,password123
user1083@example.com,password123
user1084@example.com,password123
user1085@example.com,password123
user1086@example.com,password123
user1087@example.com,password123
user1088@example.com,password123
user1089@example.com,password123
user1090@example.com,password123
user1091@example.com,password123
user1092@example.com,password123
user1093@example.com,password123
user1094@example.com,password123
user1095@example.com,password123
user1096@example.com,password123
user1097@example.com,password123
user1098@example.com,password123
user1099@example.com,password123
user1100@example.com,password123
user1101@example.com,password123
user1102@example.com,password123
user1103@example.com,password123
user1104@example.com,password123
user1105@example.com,password123
user1106@example.com,password123
user1107@example.com,password123
user1108@example.com,password123
user1109@example.com,password123
user1110@example.com,password123
user1111@example.com,password123
user1112@example.com,password123
user1113@example.com,password123
user1114@example.com,password123
user1115@example.com,password123
user1116@example.com,password123
user1117@example.com,password123
user1118@example.com,password123
user1119@example.com,password123
user1120@example.com,password123
user1121@example.com,password123
user1122@example.com,password123
user1123@example.com,password123
user1124@example.com,password123
user1125@example.com,password123
user1126@example.com,password123
user1127@example.com,password123
user1128@example.com,password123
user1129@example.com,password123
user1130@example.com,password123
user1131@example.com,password123
user1132@example.com,password123
user1133@example.com,password123
user1134@example.com,password123
user1135@example.com,password123
user1136@example.com,password123
user1137@example.com,password123
user1138@example.com,password123
user1139@example.com,password123
user1140@example.com,password123
user1141@example.com,password123
user1142@example.com,password123
user1143@example.com,password123
user1144@example.com,password123
user1145@example.com,password123
user1146@example.com,password123
user1147@example.com,password123
user1148@example.com,password123
user1149@example.com,password123
user1150@example.com,password123
user1151@example.com,password123
user1152@example.com,password123
user1153@example.com,password123
user1154@example.com,password123
user1155@example.com,password123
user1156@example.com,password123
user1157@example.com,password123
user1158@example.com,password123
user1159@example.com,password123
user1160@example.com,password123
user1161@example.com,password123
user1162@example.com,password123
user1163@example.com,password123
user1164@example.com,password123
user1165@example.com,password123
user1166@example.com,password123
user1167@example.com,password123
user1168@example.com,password123
user1169@example.com,password123
user1170@example.com,password123
user1171@example.com,password123
user1172@example.com,password123
user1173@example.com,password123
user1174@example.com,password123
user1175@example.com,password123
user1176@example.com,password123
user1177@example.com,password123
user1178@example.com,password123
user1179@example.com,password123
user1180@example.com,password123
user1181@example.com,password123
user1182@example.com,password123
user1183@example.com,password123
user1184@example.com,password123
user1185@example.com,password123
user1186@example.com,password123
user1187@example.com,password123
user1188@example.com,password123
user1189@example.com,password123
user1190@example.com,password123
user1191@example.com,password123
user1192@example.com,password123
user1193@example.com,password123
user1194@example.com,password123
user1195@example.com,password123
user1196@example.com,password123
user1197@example.com,password123
user1198@example.com,password123
user1199@example.com,password123
user1200@example.com,password123
user1201@example.com,password123
user1202@example.com,password123
user1203@example.com,password123
user1204@example.com,password123
user1205@example.com,password123
user1206@example.com,password123
user1207@example.com,password123
user1208@example.com,password123
user1209@example.com,password123
user1210@example.com,password123
user1211@example.com,password123
user1212@example.com,password123
user1213@example.com,password123
user1214@example.com,password123
user1215@example.com,password123
user1216@example.com,password123
user1217@example.com,password123
user1218@example.com,password123
user1219@example.com,password123
user1220@example.com,password123
user1221@example.com,password123
user1222@example.com,password123
user1223@example.com,password123
user1224@example.com,password123
user1225@example.com,password123
user1226@example.com,password123
user1227@example.com,password123
user1228@example.com,password123
user1229@example.com,password123
user1230@example.com,password123
user1231@example.com,password123
user1232@example.com,password123
user1233@example.com,password123
user1234@example.com,password123
user1235@example.com,password123
user1236@example.com,password123
user1237@example.com,password123
user1238@example.com,password123
user1239@example.com,password123
user1240@example.com,password123
user1241@example.com,password123
user1242@example.com,password123
user1243@example.com,password123
user1244@example.com,password123
user1245@example.com,password123
user1246@example.com,password123
user1247@example.com,password123
user1248@example.com,password123
user1249@example.com,password123
user1250@example.com,password123
user1251@example.com,password123
user1252@example.com,password123
user1253@example.com,password123
user1254@example.com,password123
user1255@example.com,password123
user1256@example.com,password123
user1257@example.com,password123
user1258@example.com,password123
user1259@example.com,password123
user1260@example.com,password123
user1261@example.com,password123
user1262@example.com,password123
user1263@example.com,password123
user1264@example.com,password123
user1265@example.com,password123
user1266@example.com,password123
user1267@example.com,password123
user1268@example.com,password123
user1269@example.com,password123
user1270@example.com,password123
user1271@example.com,password123
user1272@example.com,password123
user1273@example.com,password123
user1274@example.com,password123
user1275@example.com,password123
user1276@example.com,password123
user1277@example.com,password123
user1278@example.com,password123
user1279@example.com,password123
user1280@example.com,password123
user1281@example.com,password123
user1282@example.com,password123
user1283@example.com,password123
user1284@example.com,password123
user1285@example.com,password123
user1286@example.com,password123
user1287@example.com,password123
user1288@example.com,password123
user1289@example.com,password123
user1290@example.com,password123
user1291@example.com,password123
user1292@example.com,password123
user1293@example.com,password123
user1294@example.com,password123
user1295@example.com,password123
user1296@example.com,password123
user1297@example.com,password123
user1298@example.com,password123
user1299@example.com,password123
user1300@example.com,password123
user1301@example.com,password123
user1302@example.com,password123
user1303@example.com,password123
user1304@example.com,password123
user1305@example.com,password123
user1306@example.com,password123
user1307@example.com,password123
user1308@example.com,password123
user1309@example.com,password123
user1310@example.com,password123
user1311@example.com,password123
user1312@example.com,password123
user1313@example.com,password123
user1314@example.com,password123
user1315@example.com,password123
user1316@example.com,password123
user1317@example.com,password123
user1318@example.com,password123
user1319@example.com,password123
user1320@example.com,password123
user1321@example.com,password123
user1322@example.com,password123
user1323@example.com,password123
user1324@example.com,password123
user1325@example.com,password123
user1326@example.com,password123
user1327@example.com,password123
user1328@example.com,password123
user1329@example.com,password123
user1330@example.com,password123
user1331@example.com,password123
user1332@example.com,password123
user1333@example.com,password123
user1334@example.com,password123
user1335@example.com,password123
user1336@example.com,password123
user1337@example.com,password123
user1338@example.com,password123
user1339@example.com,password123
user1340@example.com,password123
user1341@example.com,password123
user1342@example.com,password123
user1343@example.com,password123
user1344@example.com,password123
user1345@example.com,password123
user1346@example.com,password123
user1347@example.com,password123
user1348@example.com,password123
user1349@example.com,password123
user1350@example.com,password123
user1351@example.com,password123
user1352@example.com,password123
user1353@example.com,password123
user1354@example.com,password123
user1355@example.com,password123
user1356@example.com,password123
user1357@example.com,password123
user1358@example.com,password123
user1359@example.com,password123
user1360@example.com,password123
user1361@example.com,password123
user1362@example.com,password123
user1363@example.com,password123
user1364@example.com,password123
user1365@example.com,password123
user1366@example.com,password123
user1367@example.com,password123
user1368@example.com,password123
user1369@example.com,password123
user1370@example.com,password123
user1371@example.com,password123
user1372@example.com,password123
user1373@example.com,password123
user1374@example.com,password123
user1375@example.com,password123
user1376@example.com,password123
user1377@example.com,password123
user1378@example.com,password123
user1379@example.com,password123
user1380@example.com,password123
user1381@example.com,password123
user1382@example.com,password123
user1383@example.com,password123
user1384@example.com,password123
user1385@example.com,password123
user1386@example.com,password123
user1387@example.com,password123
user1388@example.com,password123
user1389@example.com,password123
user1390@example.com,password123
user1391@example.com,password123
user1392@example.com,password123
user1393@example.com,password123
user1394@example.com,password123
user1395@example.com,password123
user1396@example.com,password123
user1397@example.com,password123
user1398@example.com,password123
user1399@example.com,password123
user1400@example.com,password123
user1401@example.com,password123
user1402@example.com,password123
user1403@example.com,password123
user1404@example.com,password123
user1405@example.com,password123
user1406@example.com,password123
user1407@example.com,password123
user1408@example.com,password123
user1409@example.com,password123
user1410@example.com,password123
user1411@example.com,password123
user1412@example.com,password123
user1413@example.com,password123
user1414@example.com,password123
user1415@example.com,password123
user1416@example.com,password123
user1417@example.com,password123
user1418@example.com,password123
user1419@example.com,password123
user1420@example.com,password123
user1421@example.com,password123
user1422@example.com,password123
user1423@example.com,password123
user1424@example.com,password123
user1425@example.com,password123
user1426@example.com,password123
user1427@example.com,password123
user1428@example.com,password123
user1429@example.com,password123
user1430@example.com,password123
user1431@example.com,password123
user1432@example.com,password123
user1433@example.com,password123
user1434@example.com,password123
user1435@example.com,password123
user1436@example.com,password123
user1437@example.com,password123
user1438@example.com,password123
user1439@example.com,password123
user1440@example.com,password123
user1441@example.com,password123
user1442@example.com,password123
user1443@example.com,password123
user1444@example.com,password123
user1445@example.com,password123
user1446@example.com,password123
user1447@example.com,password123
user1448@example.com,password123
user1449@example.com,password123
user1450@example.com,password123
user1451@example.com,password123
user1452@example.com,password123
user1453@example.com,password123
user1454@example.com,password123
user1455@example.com,password123
user1456@example.com,password123
user1457@example.com,password123
user1458@example.com,password123
user1459@example.com,password123
user1460@example.com,password123
user1461@example.com,password123
user1462@example.com,password123
user1463@example.com,password123
user1464@example.com,password123
user1465@example.com,password123
user1466@example.com,password123
user1467@example.com,password123
user1468@example.com,password123
user1469@example.com,password123
user1470@example.com,password123
user1471@example.com,password123
user1472@example.com,password123
user1473@example.com,password123
user1474@example.com,password123
user1475@example.com,password123
user1476@example.com,password123
user1477@example.com,password123
user1478@example.com,password123
user1479@example.com,password123
user1480@example.com,password123
user1481@example.com,password123
user1482@example.com,password123
user1483@example.com,password123
user1484@example.com,password123
user1485@example.com,password123
user1486@example.com,password123
user1487@example.com,password123
user1488@example.com,password123
user1489@example.com,password123
user1490@example.com,password123
user1491@example.com,password123
user1492@example.com,password123
user1493@example.com,password123
user1494@example.com,password123
user1495@example.com,password123
user1496@example.com,password123
user1497@example.com,password123
user1498@example.com,password123
user1499@example.com,password123
user1500@example.com,password123
user1501@example.com,password123
user1502@example.com,password123
user1503@example.com,password123
user1504@example.com,password123
user1505@example.com,password123
user1506@example.com,password123
user1507@example.com,password123
user1508@example.com,password123
user1509@example.com,password123
user1510@example.com,password123
user1511@example.com,password123
user1512@example.com,password123
user1513@example.com,password123
user1514@example.com,password123
user1515@example.com,password123
user1516@example.com,password123
user1517@example.com,password123
user1518@example.com,password123
user1519@example.com,password123
user1520@example.com,password123
user1521@example.com,password123
user1522@example.com,password123
user1523@example.com,password123
user1524@example.com,password123
user1525@example.com,password123
user1526@example.com,password123
user1527@example.com,password123
user1528@example.com,password123
user1529@example.com,password123
user1530@example.com,password123
user1531@example.com,password123
user1532@example.com,password123
user1533@example.com,password123
user1534@example.com,password123
user1535@example.com,password123
user1536@example.com,password123
user1537@example.com,password123
user1538@example.com,password123
user1539@example.com,password123
user1540@example.com,password123
user1541@example.com,password123
user1542@example.com,password123
user1543@example.com,password123
user1544@example.com,password123
user1545@example.com,password123
user1546@example.com,password123
user1547@example.com,password123
user1548@example.com,password123
user1549@example.com,password123
user1550@example.com,password123
user1551@example.com,password123
user1552@example.com,password123
user1553@example.com,password123
user1554@example.com,password123
user1555@example.com,password123
user1556@example.com,password123
user1557@example.com,password123
user1558@example.com,password123
user1559@example.com,password123
user1560@example.com,password123
user1561@example.com,password123
user1562@example.com,password123
user1563@example.com,password123
user1564@example.com,password123
user1565@example.com,password123
user1566@example.com,password123
user1567@example.com,password123
user1568@example.com,password123
user1569@example.com,password123
user1570@example.com,password123
user1571@example.com,password123
user1572@example.com,password123
user1573@example.com,password123
user1574@example.com,password123
user1575@example.com,password123
user1576@example.com,password123
user1577@example.com,password123
user1578@example.com,password123
user1579@example.com,password123
user1580@example.com,password123
user1581@example.com,password123
user1582@example.com,password123
user1583@example.com,password123
user1584@example.com,password123
user1585@example.com,password123
user1586@example.com,password123
user1587@example.com,password123
user1588@example.com,password123
user1589@example.com,password123
user1590@example.com,password123
user1591@example.com,password123
user1592@example.com,password123
user1593@example.com,password123
user1594@example.com,password123
user1595@example.com,password123
user1596@example.com,password123
user1597@example.com,password123
user1598@example.com,password123
user1599@example.com,password123
user1600@example.com,password123
user1601@example.com,password123
user1602@example.com,password123
user1603@example.com,password123
user1604@example.com,password123
user1605@example.com,password123
user1606@example.com,password123
user1607@example.com,password123
user1608@example.com,password123
user1609@example.com,password123
user1610@example.com,password123
user1611@example.com,password123
user1612@example.com,password123
user1613@example.com,password123
user1614@example.com,password123
user1615@example.com,password123
user1616@example.com,password123
user1617@example.com,password123
user1618@example.com,password123
user1619@example.com,password123
user1620@example.com,password123
user1621@example.com,password123
user1622@example.com,password123
user1623@example.com,password123
user1624@example.com,password123
user1625@example.com,password123
user1626@example.com,password123
user1627@example.com,password123
user1628@example.com,password123
user1629@example.com,password123
user1630@example.com,password123
user1631@example.com,password123
user1632@example.com,password123
user1633@example.com,password123
user1634@example.com,password123
user1635@example.com,password123
user1636@example.com,password123
user1637@example.com,password123
user1638@example.com,password123
user1639@example.com,password123
user1640@example.com,password123
user1641@example.com,password123
user1642@example.com,password123
user1643@example.com,password123
user1644@example.com,password123
user1645@example.com,password123
user1646@example.com,password123
user1647@example.com,password123
user1648@example.com,password123
user1649@example.com,password123
user1650@example.com,password123
user1651@example.com,password123
user1652@example.com,password123
user1653@example.com,password123
user1654@example.com,password123
user1655@example.com,password123
user1656@example.com,password123
user1657@example.com,password123
user1658@example.com,password123
user1659@example.com,password123
user1660@example.com,password123
user1661@example.com,password123
user1662@example.com,password123
user1663@example.com,password123
user1664@example.com,password123
user1665@example.com,password123
user1666@example.com,password123
user1667@example.com,password123
user1668@example.com,password123
user1669@example.com,password123
user1670@example.com,password123
user1671@example.com,password123
user1672@example.com,password123
user1673@example.com,password123
user1674@example.com,password123
user1675@example.com,password123
user1676@example.com,password123
user1677@example.com,password123
user1678@example.com,password123
user1679@example.com,password123
user1680@example.com,password123
user1681@example.com,password123
user1682@example.com,password123
user1683@example.com,password123
user1684@example.com,password123
user1685@example.com,password123
user1686@example.com,password123
user1687@example.com,password123
user1688@example.com,password123
user1689@example.com,password123
user1690@example.com,password123
user1691@example.com,password123
user1692@example.com,password123
user1693@example.com,password123
user1694@example.com,password123
user1695@example.com,password123
user1696@example.com,password123
user1697@example.com,password123
user1698@example.com,password123
user1699@example.com,password123
user1700@example.com,password123
user1701@example.com,password123
user1702@example.com,password123
user1703@example.com,password123
user1704@example.com,password123
user1705@example.com,password123
user1706@example.com,password123
user1707@example.com,password123
user1708@example.com,password123
user1709@example.com,password123
user1710@example.com,password123
user1711@example.com,password123
user1712@example.com,password123
user1713@example.com,password123
user1714@example.com,password123
user1715@example.com,password123
user1716@example.com,password123
user1717@example.com,password123
user1718@example.com,password123
user1719@example.com,password123
user1720@example.com,password123
user1721@example.com,password123
user1722@example.com,password123
user1723@example.com,password123
user1724@example.com,password123
user1725@example.com,password123
user1726@example.com,password123
user1727@example.com,password123
user1728@example.com,password123
user1729@example.com,password123
user1730@example.com,password123
user1731@example.com,password123
user1732@example.com,password123
user1733@example.com,password123
user1734@example.com,password123
user1735@example.com,password123
user1736@example.com,password123
user1737@example.com,password123
user1738@example.com,password123
user1739@example.com,password123
user1740@example.com,password123
user1741@example.com,password123
user1742@example.com,password123
user1743@example.com,password123
user1744@example.com,password123
user1745@example.com,password123
user1746@example.com,password123
user1747@example.com,password123
user1748@example.com,password123
user1749@example.com,password123
user1750@example.com,password123
user1751@example.com,password123
user1752@example.com,password123
user1753@example.com,password123
user1754@example.com,password123
user1755@example.com,password123
user1756@example.com,password123
user1757@example.com,password123
user1758@example.com,password123
user1759@example.com,password123
user1760@example.com,password123
user1761@example.com,password123
user1762@example.com,password123
user1763@example.com,password123
user1764@example.com,password123
user1765@example.com,password123
user1766@example.com,password123
user1767@example.com,password123
user1768@example.com,password123
user1769@example.com,password123
user1770@example.com,password123
user1771@example.com,password123
user1772@example.com,password123
user1773@example.com,password123
user1774@example.com,password123
user1775@example.com,password123
user1776@example.com,password123
user1777@example.com,password123
user1778@example.com,password123
user1779@example.com,password123
user1780@example.com,password123
user1781@example.com,password123
user1782@example.com,password123
user1783@example.com,password123
user1784@example.com,password123
user1785@example.com,password123
user1786@example.com,password123
user1787@example.com,password123
user1788@example.com,password123
user1789@example.com,password123
user1790@example.com,password123
user1791@example.com,password123
user1792@example.com,password123
user1793@example.com,password123
user1794@example.com,password123
user1795@example.com,password123
user1796@example.com,password123
user1797@example.com,password123
user1798@example.com,password123
user1799@example.com,password123
user1800@example.com,password123
user1801@example.com,password123
user1802@example.com,password123
user1803@example.com,password123
user1804@example.com,password123
user1805@example.com,password123
user1806@example.com,password123
user1807@example.com,password123
user1808@example.com,password123
user1809@example.com,password123
user1810@example.com,password123
user1811@example.com,password123
user1812@example.com,password123
user1813@example.com,password123
user1814@example.com,password123
user1815@example.com,password123
user1816@example.com,password123
user1817@example.com,password123
user1818@example.com,password123
user1819@example.com,password123
user1820@example.com,password123
user1821@example.com,password123
user1822@example.com,password123
user1823@example.com,password123
user1824@example.com,password123
user1825@example.com,password123
user1826@example.com,password123
user1827@example.com,password123
user1828@example.com,password123
user1829@example.com,password123
user1830@example.com,password123
user1831@example.com,password123
user1832@example.com,password123
user1833@example.com,password123
user1834@example.com,password123
user1835@example.com,password123
user1836@example.com,password123
user1837@example.com,password123
user1838@example.com,password123
user1839@example.com,password123
user1840@example.com,password123
user1841@example.com,password123
user1842@example.com,password123
user1843@example.com,password123
user1844@example.com,password123
user1845@example.com,password123
user1846@example.com,password123
user1847@example.com,password123
user1848@example.com,password123
user1849@example.com,password123
user1850@example.com,password123
user1851@example.com,password123
user1852@example.com,password123
user1853@example.com,password123
user1854@example.com,password123
user1855@example.com,password123
user1856@example.com,password123
user1857@example.com,password123
user1858@example.com,password123
user1859@example.com,password123
user1860@example.com,password123
user1861@example.com,password123
user1862@example.com,password123
user1863@example.com,password123
user1864@example.com,password123
user1865@example.com,password123
user1866@example.com,password123
user1867@example.com,password123
user1868@example.com,password123
user1869@example.com,password123
user1870@example.com,password123
user1871@example.com,password123
user1872@example.com,password123
user1873@example.com,password123
user1874@example.com,password123
user1875@example.com,password123
user1876@example.com,password123
user1877@example.com,password123
user1878@example.com,password123
user1879@example.com,password123
user1880@example.com,password123
user1881@example.com,password123
user1882@example.com,password123
user1883@example.com,password123
user1884@example.com,password123
user1885@example.com,password123
user1886@example.com,password123
user1887@example.com,password123
user1888@example.com,password123
user1889@example.com,password123
user1890@example.com,password123
user1891@example.com,password123
user1892@example.com,password123
user1893@example.com,password123
user1894@example.com,password123
user1895@example.com,password123
user1896@example.com,password123
user1897@example.com,password123
user1898@example.com,password123
user1899@example.com,password123
user1900@example.com,password123
user1901@example.com,password123
user1902@example.com,password123
user1903@example.com,password123
user1904@example.com,password123
user1905@example.com,password123
user1906@example.com,password123
user1907@example.com,password123
user1908@example.com,password123
user1909@example.com,password123
user1910@example.com,password123
user1911@example.com,password123
user1912@example.com,password123
user1913@example.com,password123
user1914@example.com,password123
user1915@example.com,password123
user1916@example.com,password123
user1917@example.com,password123
user1918@example.com,password123
user1919@example.com,password123
user1920@example.com,password123
user1921@example.com,password123
user1922@example.com,password123
user1923@example.com,password123
user1924@example.com,password123
user1925@example.com,password123
user1926@example.com,password123
user1927@example.com,password123
user1928@example.com,password123
user1929@example.com,password123
user1930@example.com,password123
user1931@example.com,password123
user1932@example.com,password123
user1933@example.com,password123
user1934@example.com,password123
user1935@example.com,password123
user1936@example.com,password123
user1937@example.com,password123
user1938@example.com,password123
user1939@example.com,password123
user1940@example.com,password123
user1941@example.com,password123
user1942@example.com,password123
user1943@example.com,password123
user1944@example.com,password123
user1945@example.com,password123
user1946@example.com,password123
user1947@example.com,password123
user1948@example.com,password123
user1949@example.com,password123
user1950@example.com,password123
user1951@example.com,password123
user1952@example.com,password123
user1953@example.com,password123
user1954@example.com,password123
user1955@example.com,password123
user1956@example.com,password123
user1957@example.com,password123
user1958@example.com,password123
user1959@example.com,password123
user1960@example.com,password123
user1961@example.com,password123
user1962@example.com,password123
user1963@example.com,password123
user1964@example.com,password123
user1965@example.com,password123
user1966@example.com,password123
user1967@example.com,password123
user1968@example.com,password123
user1969@example.com,password123
user1970@example.com,password123
user1971@example.com,password123
user1972@example.com,password123
user1973@example.com,password123
user1974@example.com,password123
user1975@example.com,password123
user1976@example.com,password123
user1977@example.com,password123
user1978@example.com,password123
user1979@example.com,password123
user1980@example.com,password123
user1981@example.com,password123
user1982@example.com,password123
user1983@example.com,password123
user1984@example.com,password123
user1985@example.com,password123
user1986@example.com,password123
user1987@example.com,password123
user1988@example.com,password123
user1989@example.com,password123
user1990@example.com,password123
user1991@example.com,password123
user1992@example.com,password123
user1993@example.com,password123
user1994@example.com,password123
user1995@example.com,password123
user1996@example.com,password123
user1997@example.com,password123
user1998@example.com,password123
user1999@example.com,password123
user2000@example.com,password123
user2001@example.com,password123
user2002@example.com,password123
user2003@example.com,password123
user2004@example.com,password123
user2005@example.com,password123
user2006@example.com,password123
user2007@example.com,password123
user2008@example.com,password123
user2009@example.com,password123
user2010@example.com,password123
user2011@example.com,password123
user2012@example.com,password123
user2013@example.com,password123
user2014@example.com,password123
user2015@example.com,password123
user2016@example.com,password123
user2017@example.com,password123
user2018@example.com,password123
user2019@example.com,password123
user2020@example.com,password123
user2021@example.com,password123
user2022@example.com,password123
user2023@example.com,password123
user2024@example.com,password123
user2025@example.com,password123
user2026@example.com,password123
user2027@example.com,password123
user2028@example.com,password123
user2029@example.com,password123
user2030@example.com,password123
user2031@example.com,password123
user2032@example.com,password123
user2033@example.com,password123
user2034@example.com,password123
user2035@example.com,password123
user2036@example.com,password123
user2037@example.com,password123
user2038@example.com,password123
user2039@example.com,password123
user2040@example.com,password123
user2041@example.com,password123
user2042@example.com,password123
user2043@example.com,password123
user2044@example.com,password123
user2045@example.com,password123
user2046@example.com,password123
user2047@example.com,password123
user2048@example.com,password123
user2049@example.com,password123
user2050@example.com,password123
user2051@example.com,password123
user2052@example.com,password123
user2053@example.com,password123
user2054@example.com,password123
user2055@example.com,password123
user2056@example.com,password123
user2057@example.com,password123
user2058@example.com,password123
user2059@example.com,password123
user2060@example.com,password123
user2061@example.com,password123
user2062@example.com,password123
user2063@example.com,password123
user2064@example.com,password123
user2065@example.com,password123
user2066@example.com,password123
user2067@example.com,password123
user2068@example.com,password123
user2069@example.com,password123
user2070@example.com,password123
user2071@example.com,password123
user2072@example.com,password123
user2073@example.com,password123
user2074@example.com,password123
user2075@example.com,password123
user2076@example.com,password123
user2077@example.com,password123
user2078@example.com,password123
user2079@example.com,password123
user2080@example.com,password123
user2081@example.com,password123
user2082@example.com,password123
user2083@example.com,password123
user2084@example.com,password123
user2085@example.com,password123
user2086@example.com,password123
user2087@example.com,password123
user2088@example.com,password123
user2089@example.com,password123
user2090@example.com,password123
user2091@example.com,password123
user2092@example.com,password123
user2093@example.com,password123
user2094@example.com,password123
user2095@example.com,password123
user2096@example.com,password123
user2097@example.com,password123
user2098@example.com,password123
user2099@example.com,password123
user2100@example.com,password123
user2101@example.com,password123
user2102@example.com,password123
user2103@example.com,password123
user2104@example.com,password123
user2105@example.com,password123
user2106@example.com,password123
user2107@example.com,password123
user2108@example.com,password123
user2109@example.com,password123
user2110@example.com,password123
user2111@example.com,password123
user2112@example.com,password123
user2113@example.com,password123
user2114@example.com,password123
user2115@example.com,password123
user2116@example.com,password123
user2117@example.com,password123
user2118@example.com,password123
user2119@example.com,password123
user2120@example.com,password123
user2121@example.com,password123
user2122@example.com,password123
user2123@example.com,password123
user2124@example.com,password123
user2125@example.com,password123
user2126@example.com,password123
user2127@example.com,password123
user2128@example.com,password123
user2129@example.com,password123
user2130@example.com,password123
user2131@example.com,password123
user2132@example.com,password123
user2133@example.com,password123
user2134@example.com,password123
user2135@example.com,password123
user2136@example.com,password123
user2137@example.com,password123
user2138@example.com,password123
user2139@example.com,password123
user2140@example.com,password123
user2141@example.com,password123
user2142@example.com,password123
user2143@example.com,password123
user2144@example.com,password123
user2145@example.com,password123
user2146@example.com,password123
user2147@example.com,password123
user2148@example.com,password123
user2149@example.com,password123
user2150@example.com,password123
user2151@example.com,password123
user2152@example.com,password123
user2153@example.com,password123
user2154@example.com,password123
user2155@example.com,password123
user2156@example.com,password123
user2157@example.com,password123
user2158@example.com,password123
user2159@example.com,password123
user2160@example.com,password123
user2161@example.com,password123
user2162@example.com,password123
user2163@example.com,password123
user2164@example.com,password123
user2165@example.com,password123
user2166@example.com,password123
user2167@example.com,password123
user2168@example.com,password123
user2169@example.com,password123
user2170@example.com,password123
user2171@example.com,password123
user2172@example.com,password123
user2173@example.com,password123
user2174@example.com,password123
user2175@example.com,password123
user2176@example.com,password123
user2177@example.com,password123
user2178@example.com,password123
user2179@example.com,password123
user2180@example.com,password123
user2181@example.com,password123
user2182@example.com,password123
user2183@example.com,password123
user2184@example.com,password123
user2185@example.com,password123
user2186@example.com,password123
user2187@example.com,password123
user2188@example.com,password123
user2189@example.com,password123
user2190@example.com,password123
user2191@example.com,password123
user2192@example.com,password123
user2193@example.com,password123
user2194@example.com,password123
user2195@example.com,password123
user2196@example.com,password123
user2197@example.com,password123
user2198@example.com,password123
user2199@example.com,password123
user2200@example.com,password123
user2201@example.com,password123
user2202@example.com,password123
user2203@example.com,password123
user2204@example.com,password123
user2205@example.com,password123
user2206@example.com,password123
user2207@example.com,password123
user2208@example.com,password123
user2209@example.com,password123
user2210@example.com,password123
user2211@example.com,password123
user2212@example.com,password123
user2213@example.com,password123
user2214@example.com,password123
user2215@example.com,password123
user2216@example.com,password123
user2217@example.com,password123
user2218@example.com,password123
user2219@example.com,password123
user2220@example.com,password123
user2221@example.com,password123
user2222@example.com,password123
user2223@example.com,password123
user2224@example.com,password123
user2225@example.com,password123
user2226@example.com,password123
user2227@example.com,password123
user2228@example.com,password123
user2229@example.com,password123
user2230@example.com,password123
user2231@example.com,password123
user2232@example.com,password123
user2233@example.com,password123
user2234@example.com,password123
user2235@example.com,password123
user2236@example.com,password123
user2237@example.com,password123
user2238@example.com,password123
user2239@example.com,password123
user2240@example.com,password123
user2241@example.com,password123
user2242@example.com,password123
user2243@example.com,password123
user2244@example.com,password123
user2245@example.com,password123
user2246@example.com,password123
user2247@example.com,password123
user2248@example.com,password123
user2249@example.com,password123
user2250@example.com,password123
user2251@example.com,password123
user2252@example.com,password123
user2253@example.com,password123
user2254@example.com,password123
user2255@example.com,password123
user2256@example.com,password123
user2257@example.com,password123
user2258@example.com,password123
user2259@example.com,password123
user2260@example.com,password123
user2261@example.com,password123
user2262@example.com,password123
user2263@example.com,password123
user2264@example.com,password123
user2265@example.com,password123
user2266@example.com,password123
user2267@example.com,password123
user2268@example.com,password123
user2269@example.com,password123
user2270@example.com,password123
user2271@example.com,password123
user2272@example.com,password123
user2273@example.com,password123
user2274@example.com,password123
user2275@example.com,password123
user2276@example.com,password123
user2277@example.com,password123
user2278@example.com,password123
user2279@example.com,password123
user2280@example.com,password123
user2281@example.com,password123
user2282@example.com,password123
user2283@example.com,password123
user2284@example.com,password123
user2285@example.com,password123
user2286@example.com,password123
user2287@example.com,password123
user2288@example.com,password123
user2289@example.com,password123
user2290@example.com,password123
user2291@example.com,password123
user2292@example.com,password123
user2293@example.com,password123
user2294@example.com,password123
user2295@example.com,password123
user2296@example.com,password123
user2297@example.com,password123
user2298@example.com,password123
user2299@example.com,password123
user2300@example.com,password123
user2301@example.com,password123
user2302@example.com,password123
user2303@example.com,password123
user2304@example.com,password123
user2305@example.com,password123
user2306@example.com,password123
user2307@example.com,password123
user2308@example.com,password123
user2309@example.com,password123
user2310@example.com,password123
user2311@example.com,password123
user2312@example.com,password123
user2313@example.com,password123
user2314@example.com,password123
user2315@example.com,password123
user2316@example.com,password123
user2317@example.com,password123
user2318@example.com,password123
user2319@example.com,password123
user2320@example.com,password123
user2321@example.com,password123
user2322@example.com,password123
user2323@example.com,password123
user2324@example.com,password123
user2325@example.com,password123
user2326@example.com,password123
user2327@example.com,password123
user2328@example.com,password123
user2329@example.com,password123
user2330@example.com,password123
user2331@example.com,password123
user2332@example.com,password123
user2333@example.com,password123
user2334@example.com,password123
user2335@example.com,password123
user2336@example.com,password123
user2337@example.com,password123
user2338@example.com,password123
user2339@example.com,password123
user2340@example.com,password123
user2341@example.com,password123
user2342@example.com,password123
user2343@example.com,password123
user2344@example.com,password123
user2345@example.com,password123
user2346@example.com,password123
user2347@example.com,password123
user2348@example.com,password123
user2349@example.com,password123
user2350@example.com,password123
user2351@example.com,password123
user2352@example.com,password123
user2353@example.com,password123
user2354@example.com,password123
user2355@example.com,password123
user2356@example.com,password123
user2357@example.com,password123
user2358@example.com,password123
user2359@example.com,password123
user2360@example.com,password123
user2361@example.com,password123
user2362@example.com,password123
user2363@example.com,password123
user2364@example.com,password123
user2365@example.com,password123
user2366@example.com,password123
user2367@example.com,password123
user2368@example.com,password123
user2369@example.com,password123
user2370@example.com,password123
user2371@example.com,password123
user2372@example.com,password123
user2373@example.com,password123
user2374@example.com,password123
user2375@example.com,password123
user2376@example.com,password123
user2377@example.com,password123
user2378@example.com,password123
user2379@example.com,password123
user2380@example.com,password123
user2381@example.com,password123
user2382@example.com,password123
user2383@example.com,password123
user2384@example.com,password123
user2385@example.com,password123
user2386@example.com,password123
user2387@example.com,password123
user2388@example.com,password123
user2389@example.com,password123
user2390@example.com,password123
user2391@example.com,password123
user2392@example.com,password123
user2393@example.com,password123
user2394@example.com,password123
user2395@example.com,password123
user2396@example.com,password123
user2397@example.com,password123
user2398@example.com,password123
user2399@example.com,password123
user2400@example.com,password123
user2401@example.com,password123
user2402@example.com,password123
user2403@example.com,password123
user2404@example.com,password123
user2405@example.com,password123
user2406@example.com,password123
user2407@example.com,password123
user2408@example.com,password123
user2409@example.com,password123
user2410@example.com,password123
user2411@example.com,password123
user2412@example.com,password123
user2413@example.com,password123
user2414@example.com,password123
user2415@example.com,password123
user2416@example.com,password123
user2417@example.com,password123
user2418@example.com,password123
user2419@example.com,password123
user2420@example.com,password123
user2421@example.com,password123
user2422@example.com,password123
user2423@example.com,password123
user2424@example.com,password123
user2425@example.com,password123
user2426@example.com,password123
user2427@example.com,password123
user2428@example.com,password123
user2429@example.com,password123
user2430@example.com,password123
user2431@example.com,password123
user2432@example.com,password123
user2433@example.com,password123
user2434@example.com,password123
user2435@example.com,password123
user2436@example.com,password123
user2437@example.com,password123
user2438@example.com,password123
user2439@example.com,password123
user2440@example.com,password123
user2441@example.com,password123
user2442@example.com,password123
user2443@example.com,password123
user2444@example.com,password123
user2445@example.com,password123
user2446@example.com,password123
user2447@example.com,password123
user2448@example.com,password123
user2449@example.com,password123
user2450@example.com,password123
user2451@example.com,password123
user2452@example.com,password123
user2453@example.com,password123
user2454@example.com,password123
user2455@example.com,password123
user2456@example.com,password123
user2457@example.com,password123
user2458@example.com,password123
user2459@example.com,password123
user2460@example.com,password123
user2461@example.com,password123
user2462@example.com,password123
user2463@example.com,password123
user2464@example.com,password123
user2465@example.com,password123
user2466@example.com,password123
user2467@example.com,password123
user2468@example.com,password123
user2469@example.com,password123
user2470@example.com,password123
user2471@example.com,password123
user2472@example.com,password123
user2473@example.com,password123
user2474@example.com,password123
user2475@example.com,password123
user2476@example.com,password123
user2477@example.com,password123
user2478@example.com,password123
user2479@example.com,password123
user2480@example.com,password123
user2481@example.com,password123
user2482@example.com,password123
user2483@example.com,password123
user2484@example.com,password123
user2485@example.com,password123
user2486@example.com,password123
user2487@example.com,password123
user2488@example.com,password123
user2489@example.com,password123
user2490@example.com,password123
user2491@example.com,password123
user2492@example.com,password123
user2493@example.com,password123
user2494@example.com,password123
user2495@example.com,password123
user2496@example.com,password123
user2497@example.com,password123
user2498@example.com,password123
user2499@example.com,password123
user2500@example.com,password123
user2501@example.com,password123
user2502@example.com,password123
user2503@example.com,password123
user2504@example.com,password123
user2505@example.com,password123
user2506@example.com,password123
user2507@example.com,password123
user2508@example.com,password123
user2509@example.com,password123
user2510@example.com,password123
user2511@example.com,password123
user2512@example.com,password123
user2513@example.com,password123
user2514@example.com,password123
user2515@example.com,password123
user2516@example.com,password123
user2517@example.com,password123
user2518@example.com,password123
user2519@example.com,password123
user2520@example.com,password123
user2521@example.com,password123
user2522@example.com,password123
user2523@example.com,password123
user2524@example.com,password123
user2525@example.com,password123
user2526@example.com,password123
user2527@example.com,password123
user2528@example.com,password123
user2529@example.com,password123
user2530@example.com,password123
user2531@example.com,password123
user2532@example.com,password123
user2533@example.com,password123
user2534@example.com,password123
user2535@example.com,password123
user2536@example.com,password123
user2537@example.com,password123
user2538@example.com,password123
user2539@example.com,password123
user2540@example.com,password123
user2541@example.com,password123
user2542@example.com,password123
user2543@example.com,password123
user2544@example.com,password123
user2545@example.com,password123
user2546@example.com,password123
user2547@example.com,password123
user2548@example.com,password123
user2549@example.com,password123
user2550@example.com,password123
user2551@example.com,password123
user2552@example.com,password123
user2553@example.com,password123
user2554@example.com,password123
user2555@example.com,password123
user2556@example.com,password123
user2557@example.com,password123
user2558@example.com,password123
user2559@example.com,password123
user2560@example.com,password123
user2561@example.com,password123
user2562@example.com,password123
user2563@example.com,password123
user2564@example.com,password123
user2565@example.com,password123
user2566@example.com,password123
user2567@example.com,password123
user2568@example.com,password123
user2569@example.com,password123
user2570@example.com,password123
user2571@example.com,password123
user2572@example.com,password123
user2573@example.com,password123
user2574@example.com,password123
user2575@example.com,password123
user2576@example.com,password123
user2577@example.com,password123
user2578@example.com,password123
user2579@example.com,password123
user2580@example.com,password123
user2581@example.com,password123
user2582@example.com,password123
user2583@example.com,password123
user2584@example.com,password123
user2585@example.com,password123
user2586@example.com,password123
user2587@example.com,password123
user2588@example.com,password123
user2589@example.com,password123
user2590@example.com,password123
user2591@example.com,password123
user2592@example.com,password123
user2593@example.com,password123
user2594@example.com,password123
user2595@example.com,password123
user2596@example.com,password123
user2597@example.com,password123
user2598@example.com,password123
user2599@example.com,password123
user2600@example.com,password123
user2601@example.com,password123
user2602@example.com,password123
user2603@example.com,password123
user2604@example.com,password123
user2605@example.com,password123
user2606@example.com,password123
user2607@example.com,password123
user2608@example.com,password123
user2609@example.com,password123
user2610@example.com,password123
user2611@example.com,password123
user2612@example.com,password123
user2613@example.com,password123
user2614@example.com,password123
user2615@example.com,password123
user2616@example.com,password123
user2617@example.com,password123
user2618@example.com,password123
user2619@example.com,password123
user2620@example.com,password123
user2621@example.com,password123
user2622@example.com,password123
user2623@example.com,password123
user2624@example.com,password123
user2625@example.com,password123
user2626@example.com,password123
user2627@example.com,password123
user2628@example.com,password123
user2629@example.com,password123
user2630@example.com,password123
user2631@example.com,password123
user2632@example.com,password123
user2633@example.com,password123
user2634@example.com,password123
user2635@example.com,password123
user2636@example.com,password123
user2637@example.com,password123
user2638@example.com,password123
user2639@example.com,password123
user2640@example.com,password123
user2641@example.com,password123
user2642@example.com,password123
user2643@example.com,password123
user2644@example.com,password123
user2645@example.com,password123
user2646@example.com,password123
user2647@example.com,password123
user2648@example.com,password123
user2649@example.com,password123
user2650@example.com,password123
user2651@example.com,password123
user2652@example.com,password123
user2653@example.com,password123
user2654@example.com,password123
user2655@example.com,password123
user2656@example.com,password123
user2657@example.com,password123
user2658@example.com,password123
user2659@example.com,password123
user2660@example.com,password123
user2661@example.com,password123
user2662@example.com,password123
user2663@example.com,password123
user2664@example.com,password123
user2665@example.com,password123
user2666@example.com,password123
user2667@example.com,password123
user2668@example.com,password123
user2669@example.com,password123
user2670@example.com,password123
user2671@example.com,password123
user2672@example.com,password123
user2673@example.com,password123
user2674@example.com,password123
user2675@example.com,password123
user2676@example.com,password123
user2677@example.com,password123
user2678@example.com,password123
user2679@example.com,password123
user2680@example.com,password123
user2681@example.com,password123
user2682@example.com,password123
user2683@example.com,password123
user2684@example.com,password123
user2685@example.com,password123
user2686@example.com,password123
user2687@example.com,password123
user2688@example.com,password123
user2689@example.com,password123
user2690@example.com,password123
user2691@example.com,password123
user2692@example.com,password123
user2693@example.com,password123
user2694@example.com,password123
user2695@example.com,password123
user2696@example.com,password123
user2697@example.com,password123
user2698@example.com,password123
user2699@example.com,password123
user2700@example.com,password123
user2701@example.com,password123
user2702@example.com,password123
user2703@example.com,password123
user2704@example.com,password123
user2705@example.com,password123
user2706@example.com,password123
user2707@example.com,password123
user2708@example.com,password123
user2709@example.com,password123
user2710@example.com,password123
user2711@example.com,password123
user2712@example.com,password123
user2713@example.com,password123
user2714@example.com,password123
user2715@example.com,password123
user2716@example.com,password123
user2717@example.com,password123
user2718@example.com,password123
user2719@example.com,password123
user2720@example.com,password123
user2721@example.com,password123
user2722@example.com,password123
user2723@example.com,password123
user2724@example.com,password123
user2725@example.com,password123
user2726@example.com,password123
user2727@example.com,password123
user2728@example.com,password123
user2729@example.com,password123
user2730@example.com,password123
user2731@example.com,password123
user2732@example.com,password123
user2733@example.com,password123
user2734@example.com,password123
user2735@example.com,password123
user2736@example.com,password123
user2737@example.com,password123
user2738@example.com,password123
user2739@example.com,password123
user2740@example.com,password123
user2741@example.com,password123
user2742@example.com,password123
user2743@example.com,password123
user2744@example.com,password123
user2745@example.com,password123
user2746@example.com,password123
user2747@example.com,password123
user2748@example.com,password123
user2749@example.com,password123
user2750@example.com,password123
user2751@example.com,password123
user2752@example.com,password123
user2753@example.com,password123
user2754@example.com,password123
user2755@example.com,password123
user2756@example.com,password123
user2757@example.com,password123
user2758@example.com,password123
user2759@example.com,password123
user2760@example.com,password123
user2761@example.com,password123
user2762@example.com,password123
user2763@example.com,password123
user2764@example.com,password123
user2765@example.com,password123
user2766@example.com,password123
user2767@example.com,password123
user2768@example.com,password123
user2769@example.com,password123
user2770@example.com,password123
user2771@example.com,password123
user2772@example.com,password123
user2773@example.com,password123
user2774@example.com,password123
user2775@example.com,password123
user2776@example.com,password123
user2777@example.com,password123
user2778@example.com,password123
user2779@example.com,password123
user2780@example.com,password123
user2781@example.com,password123
user2782@example.com,password123
user2783@example.com,password123
user2784@example.com,password123
user2785@example.com,password123
user2786@example.com,password123
user2787@example.com,password123
user2788@example.com,password123
user2789@example.com,password123
user2790@example.com,password123
user2791@example.com,password123
user2792@example.com,password123
user2793@example.com,password123
user2794@example.com,password123
user2795@example.com,password123
user2796@example.com,password123
user2797@example.com,password123
user2798@example.com,password123
user2799@example.com,password123
user2800@example.com,password123
user2801@example.com,password123
user2802@example.com,password123
user2803@example.com,password123
user2804@example.com,password123
user2805@example.com,password123
user2806@example.com,password123
user2807@example.com,password123
user2808@example.com,password123
user2809@example.com,password123
user2810@example.com,password123
user2811@example.com,password123
user2812@example.com,password123
user2813@example.com,password123
user2814@example.com,password123
user2815@example.com,password123
user2816@example.com,password123
user2817@example.com,password123
user2818@example.com,password123
user2819@example.com,password123
user2820@example.com,password123
user2821@example.com,password123
user2822@example.com,password123
user2823@example.com,password123
user2824@example.com,password123
user2825@example.com,password123
user2826@example.com,password123
user2827@example.com,password123
user2828@example.com,password123
user2829@example.com,password123
user2830@example.com,password123
user2831@example.com,password123
user2832@example.com,password123
user2833@example.com,password123
user2834@example.com,password123
user2835@example.com,password123
user2836@example.com,password123
user2837@example.com,password123
user2838@example.com,password123
user2839@example.com,password123
user2840@example.com,password123
user2841@example.com,password123
user2842@example.com,password123
user2843@example.com,password123
user2844@example.com,password123
user2845@example.com,password123
user2846@example.com,password123
user2847@example.com,password123
user2848@example.com,password123
user2849@example.com,password123
user2850@example.com,password123
user2851@example.com,password123
user2852@example.com,password123
user2853@example.com,password123
user2854@example.com,password123
user2855@example.com,password123
user2856@example.com,password123
user2857@example.com,password123
user2858@example.com,password123
user2859@example.com,password123
user2860@example.com,password123
user2861@example.com,password123
user2862@example.com,password123
user2863@example.com,password123
user2864@example.com,password123
user2865@example.com,password123
user2866@example.com,password123
user2867@example.com,password123
user2868@example.com,password123
user2869@example.com,password123
user2870@example.com,password123
user2871@example.com,password123
user2872@example.com,password123
user2873@example.com,password123
user2874@example.com,password123
user2875@example.com,password123
user2876@example.com,password123
user2877@example.com,password123
user2878@example.com,password123
user2879@example.com,password123
user2880@example.com,password123
user2881@example.com,password123
user2882@example.com,password123
user2883@example.com,password123
user2884@example.com,password123
user2885@example.com,password123
user2886@example.com,password123
user2887@example.com,password123
user2888@example.com,password123
user2889@example.com,password123
user2890@example.com,password123
user2891@example.com,password123
user2892@example.com,password123
user2893@example.com,password123
user2894@example.com,password123
user2895@example.com,password123
user2896@example.com,password123
user2897@example.com,password123
user2898@example.com,password123
user2899@example.com,password123
user2900@example.com,password123
user2901@example.com,password123
user2902@example.com,password123
user2903@example.com,password123
user2904@example.com,password123
user2905@example.com,password123
user2906@example.com,password123
user2907@example.com,password123
user2908@example.com,password123
user2909@example.com,password123
user2910@example.com,password123
user2911@example.com,password123
user2912@example.com,password123
user2913@example.com,password123
user2914@example.com,password123
user2915@example.com,password123
user2916@example.com,password123
user2917@example.com,password123
user2918@example.com,password123
user2919@example.com,password123
user2920@example.com,password123
user2921@example.com,password123
user2922@example.com,password123
user2923@example.com,password123
user2924@example.com,password123
user2925@example.com,password123
user2926@example.com,password123
user2927@example.com,password123
user2928@example.com,password123
user2929@example.com,password123
user2930@example.com,password123
user2931@example.com,password123
user2932@example.com,password123
user2933@example.com,password123
user2934@example.com,password123
user2935@example.com,password123
user2936@example.com,password123
user2937@example.com,password123
user2938@example.com,password123
user2939@example.com,password123
user2940@example.com,password123
user2941@example.com,password123
user2942@example.com,password123
user2943@example.com,password123
user2944@example.com,password123
user2945@example.com,password123
user2946@example.com,password123
user2947@example.com,password123
user2948@example.com,password123
user2949@example.com,password123
user2950@example.com,password123
user2951@example.com,password123
user2952@example.com,password123
user2953@example.com,password123
user2954@example.com,password123
user2955@example.com,password123
user2956@example.com,password123
user2957@example.com,password123
user2958@example.com,password123
user2959@example.com,password123
user2960@example.com,password123
user2961@example.com,password123
user2962@example.com,password123
user2963@example.com,password123
user2964@example.com,password123
user2965@example.com,password123
user2966@example.com,password123
user2967@example.com,password123
user2968@example.com,password123
user2969@example.com,password123
user2970@example.com,password123
user2971@example.com,password123
user2972@example.com,password123
user2973@example.com,password123
user2974@example.com,password123
user2975@example.com,password123
user2976@example.com,password123
user2977@example.com,password123
user2978@example.com,password123
user2979@example.com,password123
user2980@example.com,password123
user2981@example.com,password123
user2982@example.com,password123
user2983@example.com,password123
user2984@example.com,password123
user2985@example.com,password123
user2986@example.com,password123
user2987@example.com,password123
user2988@example.com,password123
user2989@example.com,password123
user2990@example.com,password123
user2991@example.com,password123
user2992@example.com,password123
user2993@example.com,password123
user2994@example.com,password123
user2995@example.com,password123
user2996@example.com,password123
user2997@example.com,password123
user2998@example.com,password123
user2999@example.com,password123
user3000@example.com,password123
user3001@example.com,password123
user3002@example.com,password123
user3003@example.com,password123
user3004@example.com,password123
user3005@example.com,password123
user3006@example.com,password123
user3007@example.com,password123
user3008@example.com,password123
user3009@example.com,password123
user3010@example.com,password123
user3011@example.com,password123
user3012@example.com,password123
user3013@example.com,password123
user3014@example.com,password123
user3015@example.com,password123
user3016@example.com,password123
user3017@example.com,password123
user3018@example.com,password123
user3019@example.com,password123
user3020@example.com,password123
user3021@example.com,password123
user3022@example.com,password123
user3023@example.com,password123
user3024@example.com,password123
user3025@example.com,password123
user3026@example.com,password123
user3027@example.com,password123
user3028@example.com,password123
user3029@example.com,password123
user3030@example.com,password123
user3031@example.com,password123
user3032@example.com,password123
user3033@example.com,password123
user3034@example.com,password123
user3035@example.com,password123
user3036@example.com,password123
user3037@example.com,password123
user3038@example.com,password123
user3039@example.com,password123
user3040@example.com,password123
user3041@example.com,password123
user3042@example.com,password123
user3043@example.com,password123
user3044@example.com,password123
user3045@example.com,password123
user3046@example.com,password123
user3047@example.com,password123
user3048@example.com,password123
user3049@example.com,password123
user3050@example.com,password123
user3051@example.com,password123
user3052@example.com,password123
user3053@example.com,password123
user3054@example.com,password123
user3055@example.com,password123
user3056@example.com,password123
user3057@example.com,password123
user3058@example.com,password123
user3059@example.com,password123
user3060@example.com,password123
user3061@example.com,password123
user3062@example.com,password123
user3063@example.com,password123
user3064@example.com,password123
user3065@example.com,password123
user3066@example.com,password123
user3067@example.com,password123
user3068@example.com,password123
user3069@example.com,password123
user3070@example.com,password123
user3071@example.com,password123
user3072@example.com,password123
user3073@example.com,password123
user3074@example.com,password123
user3075@example.com,password123
user3076@example.com,password123
user3077@example.com,password123
user3078@example.com,password123
user3079@example.com,password123
user3080@example.com,password123
user3081@example.com,password123
user3082@example.com,password123
user3083@example.com,password123
user3084@example.com,password123
user3085@example.com,password123
user3086@example.com,password123
user3087@example.com,password123
user3088@example.com,password123
user3089@example.com,password123
user3090@example.com,password123
user3091@example.com,password123
user3092@example.com,password123
user3093@example.com,password123
user3094@example.com,password123
user3095@example.com,password123
user3096@example.com,password123
user3097@example.com,password123
user3098@example.com,password123
user3099@example.com,password123
user3100@example.com,password123
user3101@example.com,password123
user3102@example.com,password123
user3103@example.com,password123
user3104@example.com,password123
user3105@example.com,password123
user3106@example.com,password123
user3107@example.com,password123
user3108@example.com,password123
user3109@example.com,password123
user3110@example.com,password123
user3111@example.com,password123
user3112@example.com,password123
user3113@example.com,password123
user3114@example.com,password123
user3115@example.com,password123
user3116@example.com,password123
user3117@example.com,password123
user3118@example.com,password123
user3119@example.com,password123
user3120@example.com,password123
user3121@example.com,password123
user3122@example.com,password123
user3123@example.com,password123
user3124@example.com,password123
user3125@example.com,password123
user3126@example.com,password123
user3127@example.com,password123
user3128@example.com,password123
user3129@example.com,password123
user3130@example.com,password123
user3131@example.com,password123
user3132@example.com,password123
user3133@example.com,password123
user3134@example.com,password123
user3135@example.com,password123
user3136@example.com,password123
user3137@example.com,password123
user3138@example.com,password123
user3139@example.com,password123
user3140@example.com,password123
user3141@example.com,password123
user3142@example.com,password123
user3143@example.com,password123
user3144@example.com,password123
user3145@example.com,password123
user3146@example.com,password123
user3147@example.com,password123
user3148@example.com,password123
user3149@example.com,password123
user3150@example.com,password123
user3151@example.com,password123
user3152@example.com,password123
user3153@example.com,password123
user3154@example.com,password123
user3155@example.com,password123
user3156@example.com,password123
user3157@example.com,password123
user3158@example.com,password123
user3159@example.com,password123
user3160@example.com,password123
user3161@example.com,password123
user3162@example.com,password123
user3163@example.com,password123
user3164@example.com,password123
user3165@example.com,password123
user3166@example.com,password123
user3167@example.com,password123
user3168@example.com,password123
user3169@example.com,password123
user3170@example.com,password123
user3171@example.com,password123
user3172@example.com,password123
user3173@example.com,password123
user3174@example.com,password123
user3175@example.com,password123
user3176@example.com,password123
user3177@example.com,password123
user3178@example.com,password123
user3179@example.com,password123
user3180@example.com,password123
user3181@example.com,password123
user3182@example.com,password123
user3183@example.com,password123
user3184@example.com,password123
user3185@example.com,password123
user3186@example.com,password123
user3187@example.com,password123
user3188@example.com,password123
user3189@example.com,password123
user3190@example.com,password123
user3191@example.com,password123
user3192@example.com,password123
user3193@example.com,password123
user3194@example.com,password123
user3195@example.com,password123
user3196@example.com,password123
user3197@example.com,password123
user3198@example.com,password123
user3199@example.com,password123
user3200@example.com,password123
user3201@example.com,password123
user3202@example.com,password123
user3203@example.com,password123
user3204@example.com,password123
user3205@example.com,password123
user3206@example.com,password123
user3207@example.com,password123
user3208@example.com,password123
user3209@example.com,password123
user3210@example.com,password123
user3211@example.com,password123
user3212@example.com,password123
user3213@example.com,password123
user3214@example.com,password123
user3215@example.com,password123
user3216@example.com,password123
user3217@example.com,password123
user3218@example.com,password123
user3219@example.com,password123
user3220@example.com,password123
user3221@example.com,password123
user3222@example.com,password123
user3223@example.com,password123
user3224@example.com,password123
user3225@example.com,password123
user3226@example.com,password123
user3227@example.com,password123
user3228@example.com,password123
user3229@example.com,password123
user3230@example.com,password123
user3231@example.com,password123
user3232@example.com,password123
user3233@example.com,password123
user3234@example.com,password123
user3235@example.com,password123
user3236@example.com,password123
user3237@example.com,password123
user3238@example.com,password123
user3239@example.com,password123
user3240@example.com,password123
user3241@example.com,password123
user3242@example.com,password123
user3243@example.com,password123
user3244@example.com,password123
user3245@example.com,password123
user3246@example.com,password123
user3247@example.com,password123
user3248@example.com,password123
user3249@example.com,password123
user3250@example.com,password123
user3251@example.com,password123
user3252@example.com,password123
user3253@example.com,password123
user3254@example.com,password123
user3255@example.com,password123
user3256@example.com,password123
user3257@example.com,password123
user3258@example.com,password123
user3259@example.com,password123
user3260@example.com,password123
user3261@example.com,password123
user3262@example.com,password123
user3263@example.com,password123
user3264@example.com,password123
user3265@example.com,password123
user3266@example.com,password123
user3267@example.com,password123
user3268@example.com,password123
user3269@example.com,password123
user3270@example.com,password123
user3271@example.com,password123
user3272@example.com,password123
user3273@example.com,password123
user3274@example.com,password123
user3275@example.com,password123
user3276@example.com,password123
user3277@example.com,password123
user3278@example.com,password123
user3279@example.com,password123
user3280@example.com,password123
user3281@example.com,password123
user3282@example.com,password123
user3283@example.com,password123
user3284@example.com,password123
user3285@example.com,password123
user3286@example.com,password123
user3287@example.com,password123
user3288@example.com,password123
user3289@example.com,password123
user3290@example.com,password123
user3291@example.com,password123
user3292@example.com,password123
user3293@example.com,password123
user3294@example.com,password123
user3295@example.com,password123
user3296@example.com,password123
user3297@example.com,password123
user3298@example.com,password123
user3299@example.com,password123
user3300@example.com,password123
user3301@example.com,password123
user3302@example.com,password123
user3303@example.com,password123
user3304@example.com,password123
user3305@example.com,password123
user3306@example.com,password123
user3307@example.com,password123
user3308@example.com,password123
user3309@example.com,password123
user3310@example.com,password123
user3311@example.com,password123
user3312@example.com,password123
user3313@example.com,password123
user3314@example.com,password123
user3315@example.com,password123
user3316@example.com,password123
user3317@example.com,password123
user3318@example.com,password123
user3319@example.com,password123
user3320@example.com,password123
user3321@example.com,password123
user3322@example.com,password123
user3323@example.com,password123
user3324@example.com,password123
user3325@example.com,password123
user3326@example.com,password123
user3327@example.com,password123
user3328@example.com,password123
user3329@example.com,password123
user3330@example.com,password123
user3331@example.com,password123
user3332@example.com,password123
user3333@example.com,password123
user3334@example.com,password123
user3335@example.com,password123
user3336@example.com,password123
user3337@example.com,password123
user3338@example.com,password123
user3339@example.com,password123
user3340@example.com,password123
user3341@example.com,password123
user3342@example.com,password123
user3343@example.com,password123
user3344@example.com,password123
user3345@example.com,password123
user3346@example.com,password123
user3347@example.com,password123
user3348@example.com,password123
user3349@example.com,password123
user3350@example.com,password123
user3351@example.com,password123
user3352@example.com,password123
user3353@example.com,password123
user3354@example.com,password123
user3355@example.com,password123
user3356@example.com,password123
user3357@example.com,password123
user3358@example.com,password123
user3359@example.com,password123
user3360@example.com,password123
user3361@example.com,password123
user3362@example.com,password123
user3363@example.com,password123
user3364@example.com,password123
user3365@example.com,password123
user3366@example.com,password123
user3367@example.com,password123
user3368@example.com,password123
user3369@example.com,password123
user3370@example.com,password123
user3371@example.com,password123
user3372@example.com,password123
user3373@example.com,password123
user3374@example.com,password123
user3375@example.com,password123
user3376@example.com,password123
user3377@example.com,password123
user3378@example.com,password123
user3379@example.com,password123
user3380@example.com,password123
user3381@example.com,password123
user3382@example.com,password123
user3383@example.com,password123
user3384@example.com,password123
user3385@example.com,password123
user3386@example.com,password123
user3387@example.com,password123
user3388@example.com,password123
user3389@example.com,password123
user3390@example.com,password123
user3391@example.com,password123
user3392@example.com,password123
user3393@example.com,password123
user3394@example.com,password123
user3395@example.com,password123
user3396@example.com,password123
user3397@example.com,password123
user3398@example.com,password123
user3399@example.com,password123
user3400@example.com,password123
user3401@example.com,password123
user3402@example.com,password123
user3403@example.com,password123
user3404@example.com,password123
user3405@example.com,password123
user3406@example.com,password123
user3407@example.com,password123
user3408@example.com,password123
user3409@example.com,password123
user3410@example.com,password123
user3411@example.com,password123
user3412@example.com,password123
user3413@example.com,password123
user3414@example.com,password123
user3415@example.com,password123
user3416@example.com,password123
user3417@example.com,password123
user3418@example.com,password123
user3419@example.com,password123
user3420@example.com,password123
user3421@example.com,password123
user3422@example.com,password123
user3423@example.com,password123
user3424@example.com,password123
user3425@example.com,password123
user3426@example.com,password123
user3427@example.com,password123
user3428@example.com,password123
user3429@example.com,password123
user3430@example.com,password123
user3431@example.com,password123
user3432@example.com,password123
user3433@example.com,password123
user3434@example.com,password123
user3435@example.com,password123
user3436@example.com,password123
user3437@example.com,password123
user3438@example.com,password123
user3439@example.com,password123
user3440@example.com,password123
user3441@example.com,password123
user3442@example.com,password123
user3443@example.com,password123
user3444@example.com,password123
user3445@example.com,password123
user3446@example.com,password123
user3447@example.com,password123
user3448@example.com,password123
user3449@example.com,password123
user3450@example.com,password123
user3451@example.com,password123
user3452@example.com,password123
user3453@example.com,password123
user3454@example.com,password123
user3455@example.com,password123
user3456@example.com,password123
user3457@example.com,password123
user3458@example.com,password123
user3459@example.com,password123
user3460@example.com,password123
user3461@example.com,password123
user3462@example.com,password123
user3463@example.com,password123
user3464@example.com,password123
user3465@example.com,password123
user3466@example.com,password123
user3467@example.com,password123
user3468@example.com,password123
user3469@example.com,password123
user3470@example.com,password123
user3471@example.com,password123
user3472@example.com,password123
user3473@example.com,password123
user3474@example.com,password123
user3475@example.com,password123
user3476@example.com,password123
user3477@example.com,password123
user3478@example.com,password123
user3479@example.com,password123
user3480@example.com,password123
user3481@example.com,password123
user3482@example.com,password123
user3483@example.com,password123
user3484@example.com,password123
user3485@example.com,password123
user3486@example.com,password123
user3487@example.com,password123
user3488@example.com,password123
user3489@example.com,password123
user3490@example.com,password123
user3491@example.com,password123
user3492@example.com,password123
user3493@example.com,password123
user3494@example.com,password123
user3495@example.com,password123
user3496@example.com,password123
user3497@example.com,password123
user3498@example.com,password123
user3499@example.com,password123
user3500@example.com,password123
user3501@example.com,password123
user3502@example.com,password123
user3503@example.com,password123
user3504@example.com,password123
user3505@example.com,password123
user3506@example.com,password123
user3507@example.com,password123
user3508@example.com,password123
user3509@example.com,password123
user3510@example.com,password123
user3511@example.com,password123
user3512@example.com,password123
user3513@example.com,password123
user3514@example.com,password123
user3515@example.com,password123
user3516@example.com,password123
user3517@example.com,password123
user3518@example.com,password123
user3519@example.com,password123
user3520@example.com,password123
user3521@example.com,password123
user3522@example.com,password123
user3523@example.com,password123
user3524@example.com,password123
user3525@example.com,password123
user3526@example.com,password123
user3527@example.com,password123
user3528@example.com,password123
user3529@example.com,password123
user3530@example.com,password123
user3531@example.com,password123
user3532@example.com,password123
user3533@example.com,password123
user3534@example.com,password123
user3535@example.com,password123
user3536@example.com,password123
user3537@example.com,password123
user3538@example.com,password123
user3539@example.com,password123
user3540@example.com,password123
user3541@example.com,password123
user3542@example.com,password123
user3543@example.com,password123
user3544@example.com,password123
user3545@example.com,password123
user3546@example.com,password123
user3547@example.com,password123
user3548@example.com,password123
user3549@example.com,password123
user3550@example.com,password123
user3551@example.com,password123
user3552@example.com,password123
user3553@example.com,password123
user3554@example.com,password123
user3555@example.com,password123
user3556@example.com,password123
user3557@example.com,password123
user3558@example.com,password123
user3559@example.com,password123
user3560@example.com,password123
user3561@example.com,password123
user3562@example.com,password123
user3563@example.com,password123
user3564@example.com,password123
user3565@example.com,password123
user3566@example.com,password123
user3567@example.com,password123
user3568@example.com,password123
user3569@example.com,password123
user3570@example.com,password123
user3571@example.com,password123
user3572@example.com,password123
user3573@example.com,password123
user3574@example.com,password123
user3575@example.com,password123
user3576@example.com,password123
user3577@example.com,password123
user3578@example.com,password123
user3579@example.com,password123
user3580@example.com,password123
user3581@example.com,password123
user3582@example.com,password123
user3583@example.com,password123
user3584@example.com,password123
user3585@example.com,password123
user3586@example.com,password123
user3587@example.com,password123
user3588@example.com,password123
user3589@example.com,password123
user3590@example.com,password123
user3591@example.com,password123
user3592@example.com,password123
user3593@example.com,password123
user3594@example.com,password123
user3595@example.com,password123
user3596@example.com,password123
user3597@example.com,password123
user3598@example.com,password123
user3599@example.com,password123
user3600@example.com,password123
user3601@example.com,password123
user3602@example.com,password123
user3603@example.com,password123
user3604@example.com,password123
user3605@example.com,password123
user3606@example.com,password123
user3607@example.com,password123
user3608@example.com,password123
user3609@example.com,password123
user3610@example.com,password123
user3611@example.com,password123
user3612@example.com,password123
user3613@example.com,password123
user3614@example.com,password123
user3615@example.com,password123
user3616@example.com,password123
user3617@example.com,password123
user3618@example.com,password123
user3619@example.com,password123
user3620@example.com,password123
user3621@example.com,password123
user3622@example.com,password123
user3623@example.com,password123
user3624@example.com,password123
user3625@example.com,password123
user3626@example.com,password123
user3627@example.com,password123
user3628@example.com,password123
user3629@example.com,password123
user3630@example.com,password123
user3631@example.com,password123
user3632@example.com,password123
user3633@example.com,password123
user3634@example.com,password123
user3635@example.com,password123
user3636@example.com,password123
user3637@example.com,password123
user3638@example.com,password123
user3639@example.com,password123
user3640@example.com,password123
user3641@example.com,password123
user3642@example.com,password123
user3643@example.com,password123
user3644@example.com,password123
user3645@example.com,password123
user3646@example.com,password123
user3647@example.com,password123
user3648@example.com,password123
user3649@example.com,password123
user3650@example.com,password123
user3651@example.com,password123
user3652@example.com,password123
user3653@example.com,password123
user3654@example.com,password123
user3655@example.com,password123
user3656@example.com,password123
user3657@example.com,password123
user3658@example.com,password123
user3659@example.com,password123
user3660@example.com,password123
user3661@example.com,password123
user3662@example.com,password123
user3663@example.com,password123
user3664@example.com,password123
user3665@example.com,password123
user3666@example.com,password123
user3667@example.com,password123
user3668@example.com,password123
user3669@example.com,password123
user3670@example.com,password123
user3671@example.com,password123
user3672@example.com,password123
user3673@example.com,password123
user3674@example.com,password123
user3675@example.com,password123
user3676@example.com,password123
user3677@example.com,password123
user3678@example.com,password123
user3679@example.com,password123
user3680@example.com,password123
user3681@example.com,password123
user3682@example.com,password123
user3683@example.com,password123
user3684@example.com,password123
user3685@example.com,password123
user3686@example.com,password123
user3687@example.com,password123
user3688@example.com,password123
user3689@example.com,password123
user3690@example.com,password123
user3691@example.com,password123
user3692@example.com,password123
user3693@example.com,password123
user3694@example.com,password123
user3695@example.com,password123
user3696@example.com,password123
user3697@example.com,password123
user3698@example.com,password123
user3699@example.com,password123
user3700@example.com,password123
user3701@example.com,password123
user3702@example.com,password123
user3703@example.com,password123
user3704@example.com,password123
user3705@example.com,password123
user3706@example.com,password123
user3707@example.com,password123
user3708@example.com,password123
user3709@example.com,password123
user3710@example.com,password123
user3711@example.com,password123
user3712@example.com,password123
user3713@example.com,password123
user3714@example.com,password123
user3715@example.com,password123
user3716@example.com,password123
user3717@example.com,password123
user3718@example.com,password123
user3719@example.com,password123
user3720@example.com,password123
user3721@example.com,password123
user3722@example.com,password123
user3723@example.com,password123
user3724@example.com,password123
user3725@example.com,password123
user3726@example.com,password123
user3727@example.com,password123
user3728@example.com,password123
user3729@example.com,password123
user3730@example.com,password123
user3731@example.com,password123
user3732@example.com,password123
user3733@example.com,password123
user3734@example.com,password123
user3735@example.com,password123
user3736@example.com,password123
user3737@example.com,password123
user3738@example.com,password123
user3739@example.com,password123
user3740@example.com,password123
user3741@example.com,password123
user3742@example.com,password123
user3743@example.com,password123
user3744@example.com,password123
user3745@example.com,password123
user3746@example.com,password123
user3747@example.com,password123
user3748@example.com,password123
user3749@example.com,password123
user3750@example.com,password123
user3751@example.com,password123
user3752@example.com,password123
user3753@example.com,password123
user3754@example.com,password123
user3755@example.com,password123
user3756@example.com,password123
user3757@example.com,password123
user3758@example.com,password123
user3759@example.com,password123
user3760@example.com,password123
user3761@example.com,password123
user3762@example.com,password123
user3763@example.com,password123
user3764@example.com,password123
user3765@example.com,password123
user3766@example.com,password123
user3767@example.com,password123
user3768@example.com,password123
user3769@example.com,password123
user3770@example.com,password123
user3771@example.com,password123
user3772@example.com,password123
user3773@example.com,password123
user3774@example.com,password123
user3775@example.com,password123
user3776@example.com,password123
user3777@example.com,password123
user3778@example.com,password123
user3779@example.com,password123
user3780@example.com,password123
user3781@example.com,password123
user3782@example.com,password123
user3783@example.com,password123
user3784@example.com,password123
user3785@example.com,password123
user3786@example.com,password123
user3787@example.com,password123
user3788@example.com,password123
user3789@example.com,password123
user3790@example.com,password123
user3791@example.com,password123
user3792@example.com,password123
user3793@example.com,password123
user3794@example.com,password123
user3795@example.com,password123
user3796@example.com,password123
user3797@example.com,password123
user3798@example.com,password123
user3799@example.com,password123
user3800@example.com,password123
user3801@example.com,password123
user3802@example.com,password123
user3803@example.com,password123
user3804@example.com,password123
user3805@example.com,password123
user3806@example.com,password123
user3807@example.com,password123
user3808@example.com,password123
user3809@example.com,password123
user3810@example.com,password123
user3811@example.com,password123
user3812@example.com,password123
user3813@example.com,password123
user3814@example.com,password123
user3815@example.com,password123
user3816@example.com,password123
user3817@example.com,password123
user3818@example.com,password123
user3819@example.com,password123
user3820@example.com,password123
user3821@example.com,password123
user3822@example.com,password123
user3823@example.com,password123
user3824@example.com,password123
user3825@example.com,password123
user3826@example.com,password123
user3827@example.com,password123
user3828@example.com,password123
user3829@example.com,password123
user3830@example.com,password123
user3831@example.com,password123
user3832@example.com,password123
user3833@example.com,password123
user3834@example.com,password123
user3835@example.com,password123
user3836@example.com,password123
user3837@example.com,password123
user3838@example.com,password123
user3839@example.com,password123
user3840@example.com,password123
user3841@example.com,password123
user3842@example.com,password123
user3843@example.com,password123
user3844@example.com,password123
user3845@example.com,password123
user3846@example.com,password123
user3847@example.com,password123
user3848@example.com,password123
user3849@example.com,password123
user3850@example.com,password123
user3851@example.com,password123
user3852@example.com,password123
user3853@example.com,password123
user3854@example.com,password123
user3855@example.com,password123
user3856@example.com,password123
user3857@example.com,password123
user3858@example.com,password123
user3859@example.com,password123
user3860@example.com,password123
user3861@example.com,password123
user3862@example.com,password123
user3863@example.com,password123
user3864@example.com,password123
user3865@example.com,password123
user3866@example.com,password123
user3867@example.com,password123
user3868@example.com,password123
user3869@example.com,password123
user3870@example.com,password123
user3871@example.com,password123
user3872@example.com,password123
user3873@example.com,password123
user3874@example.com,password123
user3875@example.com,password123
user3876@example.com,password123
user3877@example.com,password123
user3878@example.com,password123
user3879@example.com,password123
user3880@example.com,password123
user3881@example.com,password123
user3882@example.com,password123
user3883@example.com,password123
user3884@example.com,password123
user3885@example.com,password123
user3886@example.com,password123
user3887@example.com,password123
user3888@example.com,password123
user3889@example.com,password123
user3890@example.com,password123
user3891@example.com,password123
user3892@example.com,password123
user3893@example.com,password123
user3894@example.com,password123
user3895@example.com,password123
user3896@example.com,password123
user3897@example.com,password123
user3898@example.com,password123
user3899@example.com,password123
user3900@example.com,password123
user3901@example.com,password123
user3902@example.com,password123
user3903@example.com,password123
user3904@example.com,password123
user3905@example.com,password123
user3906@example.com,password123
user3907@example.com,password123
user3908@example.com,password123
user3909@example.com,password123
user3910@example.com,password123
user3911@example.com,password123
user3912@example.com,password123
user3913@example.com,password123
user3914@example.com,password123
user3915@example.com,password123
user3916@example.com,password123
user3917@example.com,password123
user3918@example.com,password123
user3919@example.com,password123
user3920@example.com,password123
user3921@example.com,password123
user3922@example.com,password123
user3923@example.com,password123
user3924@example.com,password123
user3925@example.com,password123
user3926@example.com,password123
user3927@example.com,password123
user3928@example.com,password123
user3929@example.com,password123
user3930@example.com,password123
user3931@example.com,password123
user3932@example.com,password123
user3933@example.com,password123
user3934@example.com,password123
user3935@example.com,password123
user3936@example.com,password123
user3937@example.com,password123
user3938@example.com,password123
user3939@example.com,password123
user3940@example.com,password123
user3941@example.com,password123
user3942@example.com,password123
user3943@example.com,password123
user3944@example.com,password123
user3945@example.com,password123
user3946@example.com,password123
user3947@example.com,password123
user3948@example.com,password123
user3949@example.com,password123
user3950@example.com,password123
user3951@example.com,password123
user3952@example.com,password123
user3953@example.com,password123
user3954@example.com,password123
user3955@example.com,password123
user3956@example.com,password123
user3957@example.com,password123
user3958@example.com,password123
user3959@example.com,password123
user3960@example.com,password123
user3961@example.com,password123
user3962@example.com,password123
user3963@example.com,password123
user3964@example.com,password123
user3965@example.com,password123
user3966@example.com,password123
user3967@example.com,password123
user3968@example.com,password123
user3969@example.com,password123
user3970@example.com,password123
user3971@example.com,password123
user3972@example.com,password123
user3973@example.com,password123
user3974@example.com,password123
user3975@example.com,password123
user3976@example.com,password123
user3977@example.com,password123
user3978@example.com,password123
user3979@example.com,password123
user3980@example.com,password123
user3981@example.com,password123
user3982@example.com,password123
user3983@example.com,password123
user3984@example.com,password123
user3985@example.com,password123
user3986@example.com,password123
user3987@example.com,password123
user3988@example.com,password123
user3989@example.com,password123
user3990@example.com,password123
user3991@example.com,password123
user3992@example.com,password123
user3993@example.com,password123
user3994@example.com,password123
user3995@example.com,password123
user3996@example.com,password123
user3997@example.com,password123
user3998@example.com,password123
user3999@example.com,password123
user4000@example.com,password123
user4001@example.com,password123
user4002@example.com,password123
user4003@example.com,password123
user4004@example.com,password123
user4005@example.com,password123
user4006@example.com,password123
user4007@example.com,password123
user4008@example.com,password123
user4009@example.com,password123
user4010@example.com,password123
user4011@example.com,password123
user4012@example.com,password123
user4013@example.com,password123
user4014@example.com,password123
user4015@example.com,password123
user4016@example.com,password123
user4017@example.com,password123
user4018@example.com,password123
user4019@example.com,password123
user4020@example.com,password123
user4021@example.com,password123
user4022@example.com,password123
user4023@example.com,password123
user4024@example.com,password123
user4025@example.com,password123
user4026@example.com,password123
user4027@example.com,password123
user4028@example.com,password123
user4029@example.com,password123
user4030@example.com,password123
user4031@example.com,password123
user4032@example.com,password123
user4033@example.com,password123
user4034@example.com,password123
user4035@example.com,password123
user4036@example.com,password123
user4037@example.com,password123
user4038@example.com,password123
user4039@example.com,password123
user4040@example.com,password123
user4041@example.com,password123
user4042@example.com,password123
user4043@example.com,password123
user4044@example.com,password123
user4045@example.com,password123
user4046@example.com,password123
user4047@example.com,password123
user4048@example.com,password123
user4049@example.com,password123
user4050@example.com,password123
user4051@example.com,password123
user4052@example.com,password123
user4053@example.com,password123
user4054@example.com,password123
user4055@example.com,password123
user4056@example.com,password123
user4057@example.com,password123
user4058@example.com,password123
user4059@example.com,password123
user4060@example.com,password123
user4061@example.com,password123
user4062@example.com,password123
user4063@example.com,password123
user4064@example.com,password123
user4065@example.com,password123
user4066@example.com,password123
user4067@example.com,password123
user4068@example.com,password123
user4069@example.com,password123
user4070@example.com,password123
user4071@example.com,password123
user4072@example.com,password123
user4073@example.com,password123
user4074@example.com,password123
user4075@example.com,password123
user4076@example.com,password123
user4077@example.com,password123
user4078@example.com,password123
user4079@example.com,password123
user4080@example.com,password123
user4081@example.com,password123
user4082@example.com,password123
user4083@example.com,password123
user4084@example.com,password123
user4085@example.com,password123
user4086@example.com,password123
user4087@example.com,password123
user4088@example.com,password123
user4089@example.com,password123
user4090@example.com,password123
user4091@example.com,password123
user4092@example.com,password123
user4093@example.com,password123
user4094@example.com,password123
user4095@example.com,password123
user4096@example.com,password123
user4097@example.com,password123
user4098@example.com,password123
user4099@example.com,password123
user4100@example.com,password123
user4101@example.com,password123
user4102@example.com,password123
user4103@example.com,password123
user4104@example.com,password123
user4105@example.com,password123
user4106@example.com,password123
user4107@example.com,password123
user4108@example.com,password123
user4109@example.com,password123
user4110@example.com,password123
user4111@example.com,password123
user4112@example.com,password123
user4113@example.com,password123
user4114@example.com,password123
user4115@example.com,password123
user4116@example.com,password123
user4117@example.com,password123
user4118@example.com,password123
user4119@example.com,password123
user4120@example.com,password123
user4121@example.com,password123
user4122@example.com,password123
user4123@example.com,password123
user4124@example.com,password123
user4125@example.com,password123
user4126@example.com,password123
user4127@example.com,password123
user4128@example.com,password123
user4129@example.com,password123
user4130@example.com,password123
user4131@example.com,password123
user4132@example.com,password123
user4133@example.com,password123
user4134@example.com,password123
user4135@example.com,password123
user4136@example.com,password123
user4137@example.com,password123
user4138@example.com,password123
user4139@example.com,password123
user4140@example.com,password123
user4141@example.com,password123
user4142@example.com,password123
user4143@example.com,password123
user4144@example.com,password123
user4145@example.com,password123
user4146@example.com,password123
user4147@example.com,password123
user4148@example.com,password123
user4149@example.com,password123
user4150@example.com,password123
user4151@example.com,password123
user4152@example.com,password123
user4153@example.com,password123
user4154@example.com,password123
user4155@example.com,password123
user4156@example.com,password123
user4157@example.com,password123
user4158@example.com,password123
user4159@example.com,password123
user4160@example.com,password123
user4161@example.com,password123
user4162@example.com,password123
user4163@example.com,password123
user4164@example.com,password123
user4165@example.com,password123
user4166@example.com,password123
user4167@example.com,password123
user4168@example.com,password123
user4169@example.com,password123
user4170@example.com,password123
user4171@example.com,password123
user4172@example.com,password123
user4173@example.com,password123
user4174@example.com,password123
user4175@example.com,password123
user4176@example.com,password123
user4177@example.com,password123
user4178@example.com,password123
user4179@example.com,password123
user4180@example.com,password123
user4181@example.com,password123
user4182@example.com,password123
user4183@example.com,password123
user4184@example.com,password123
user4185@example.com,password123
user4186@example.com,password123
user4187@example.com,password123
user4188@example.com,password123
user4189@example.com,password123
user4190@example.com,password123
user4191@example.com,password123
user4192@example.com,password123
user4193@example.com,password123
user4194@example.com,password123
user4195@example.com,password123
user4196@example.com,password123
user4197@example.com,password123
user4198@example.com,password123
user4199@example.com,password123
user4200@example.com,password123
user4201@example.com,password123
user4202@example.com,password123
user4203@example.com,password123
user4204@example.com,password123
user4205@example.com,password123
user4206@example.com,password123
user4207@example.com,password123
user4208@example.com,password123
user4209@example.com,password123
user4210@example.com,password123
user4211@example.com,password123
user4212@example.com,password123
user4213@example.com,password123
user4214@example.com,password123
user4215@example.com,password123
user4216@example.com,password123
user4217@example.com,password123
user4218@example.com,password123
user4219@example.com,password123
user4220@example.com,password123
user4221@example.com,password123
user4222@example.com,password123
user4223@example.com,password123
user4224@example.com,password123
user4225@example.com,password123
user4226@example.com,password123
user4227@example.com,password123
user4228@example.com,password123
user4229@example.com,password123
user4230@example.com,password123
user4231@example.com,password123
user4232@example.com,password123
user4233@example.com,password123
user4234@example.com,password123
user4235@example.com,password123
user4236@example.com,password123
user4237@example.com,password123
user4238@example.com,password123
user4239@example.com,password123
user4240@example.com,password123
user4241@example.com,password123
user4242@example.com,password123
user4243@example.com,password123
user4244@example.com,password123
user4245@example.com,password123
user4246@example.com,password123
user4247@example.com,password123
user4248@example.com,password123
user4249@example.com,password123
user4250@example.com,password123
user4251@example.com,password123
user4252@example.com,password123
user4253@example.com,password123
user4254@example.com,password123
user4255@example.com,password123
user4256@example.com,password123
user4257@example.com,password123
user4258@example.com,password123
user4259@example.com,password123
user4260@example.com,password123
user4261@example.com,password123
user4262@example.com,password123
user4263@example.com,password123
user4264@example.com,password123
user4265@example.com,password123
user4266@example.com,password123
user4267@example.com,password123
user4268@example.com,password123
user4269@example.com,password123
user4270@example.com,password123
user4271@example.com,password123
user4272@example.com,password123
user4273@example.com,password123
user4274@example.com,password123
user4275@example.com,password123
user4276@example.com,password123
user4277@example.com,password123
user4278@example.com,password123
user4279@example.com,password123
user4280@example.com,password123
user4281@example.com,password123
user4282@example.com,password123
user4283@example.com,password123
user4284@example.com,password123
user4285@example.com,password123
user4286@example.com,password123
user4287@example.com,password123
user4288@example.com,password123
user4289@example.com,password123
user4290@example.com,password123
user4291@example.com,password123
user4292@example.com,password123
user4293@example.com,password123
user4294@example.com,password123
user4295@example.com,password123
user4296@example.com,password123
user4297@example.com,password123
user4298@example.com,password123
user4299@example.com,password123
user4300@example.com,password123
user4301@example.com,password123
user4302@example.com,password123
user4303@example.com,password123
user4304@example.com,password123
user4305@example.com,password123
user4306@example.com,password123
user4307@example.com,password123
user4308@example.com,password123
user4309@example.com,password123
user4310@example.com,password123
user4311@example.com,password123
user4312@example.com,password123
user4313@example.com,password123
user4314@example.com,password123
user4315@example.com,password123
user4316@example.com,password123
user4317@example.com,password123
user4318@example.com,password123
user4319@example.com,password123
user4320@example.com,password123
user4321@example.com,password123
user4322@example.com,password123
user4323@example.com,password123
user4324@example.com,password123
user4325@example.com,password123
user4326@example.com,password123
user4327@example.com,password123
user4328@example.com,password123
user4329@example.com,password123
user4330@example.com,password123
user4331@example.com,password123
user4332@example.com,password123
user4333@example.com,password123
user4334@example.com,password123
user4335@example.com,password123
user4336@example.com,password123
user4337@example.com,password123
user4338@example.com,password123
user4339@example.com,password123
user4340@example.com,password123
user4341@example.com,password123
user4342@example.com,password123
user4343@example.com,password123
user4344@example.com,password123
user4345@example.com,password123
user4346@example.com,password123
user4347@example.com,password123
user4348@example.com,password123
user4349@example.com,password123
user4350@example.com,password123
user4351@example.com,password123
user4352@example.com,password123
user4353@example.com,password123
user4354@example.com,password123
user4355@example.com,password123
user4356@example.com,password123
user4357@example.com,password123
user4358@example.com,password123
user4359@example.com,password123
user4360@example.com,password123
user4361@example.com,password123
user4362@example.com,password123
user4363@example.com,password123
user4364@example.com,password123
user4365@example.com,password123
user4366@example.com,password123
user4367@example.com,password123
user4368@example.com,password123
user4369@example.com,password123
user4370@example.com,password123
user4371@example.com,password123
user4372@example.com,password123
user4373@example.com,password123
user4374@example.com,password123
user4375@example.com,password123
user4376@example.com,password123
user4377@example.com,password123
user4378@example.com,password123
user4379@example.com,password123
user4380@example.com,password123
user4381@example.com,password123
user4382@example.com,password123
user4383@example.com,password123
user4384@example.com,password123
user4385@example.com,password123
user4386@example.com,password123
user4387@example.com,password123
user4388@example.com,password123
user4389@example.com,password123
user4390@example.com,password123
user4391@example.com,password123
user4392@example.com,password123
user4393@example.com,password123
user4394@example.com,password123
user4395@example.com,password123
user4396@example.com,password123
user4397@example.com,password123
user4398@example.com,password123
user4399@example.com,password123
user4400@example.com,password123
user4401@example.com,password123
user4402@example.com,password123
user4403@example.com,password123
user4404@example.com,password123
user4405@example.com,password123
user4406@example.com,password123
user4407@example.com,password123
user4408@example.com,password123
user4409@example.com,password123
user4410@example.com,password123
user4411@example.com,password123
user4412@example.com,password123
user4413@example.com,password123
user4414@example.com,password123
user4415@example.com,password123
user4416@example.com,password123
user4417@example.com,password123
user4418@example.com,password123
user4419@example.com,password123
user4420@example.com,password123
user4421@example.com,password123
user4422@example.com,password123
user4423@example.com,password123
user4424@example.com,password123
user4425@example.com,password123
user4426@example.com,password123
user4427@example.com,password123
user4428@example.com,password123
user4429@example.com,password123
user4430@example.com,password123
user4431@example.com,password123
user4432@example.com,password123
user4433@example.com,password123
user4434@example.com,password123
user4435@example.com,password123
user4436@example.com,password123
user4437@example.com,password123
user4438@example.com,password123
user4439@example.com,password123
user4440@example.com,password123
user4441@example.com,password123
user4442@example.com,password123
user4443@example.com,password123
user4444@example.com,password123
user4445@example.com,password123
user4446@example.com,password123
user4447@example.com,password123
user4448@example.com,password123
user4449@example.com,password123
user4450@example.com,password123
user4451@example.com,password123
user4452@example.com,password123
user4453@example.com,password123
user4454@example.com,password123
user4455@example.com,password123
user4456@example.com,password123
user4457@example.com,password123
user4458@example.com,password123
user4459@example.com,password123
user4460@example.com,password123
user4461@example.com,password123
user4462@example.com,password123
user4463@example.com,password123
user4464@example.com,password123
user4465@example.com,password123
user4466@example.com,password123
user4467@example.com,password123
user4468@example.com,password123
user4469@example.com,password123
user4470@example.com,password123
user4471@example.com,password123
user4472@example.com,password123
user4473@example.com,password123
user4474@example.com,password123
user4475@example.com,password123
user4476@example.com,password123
user4477@example.com,password123
user4478@example.com,password123
user4479@example.com,password123
user4480@example.com,password123
user4481@example.com,password123
user4482@example.com,password123
user4483@example.com,password123
user4484@example.com,password123
user4485@example.com,password123
user4486@example.com,password123
user4487@example.com,password123
user4488@example.com,password123
user4489@example.com,password123
user4490@example.com,password123
user4491@example.com,password123
user4492@example.com,password123
user4493@example.com,password123
user4494@example.com,password123
user4495@example.com,password123
user4496@example.com,password123
user4497@example.com,password123
user4498@example.com,password123
user4499@example.com,password123
user4500@example.com,password123
user4501@example.com,password123
user4502@example.com,password123
user4503@example.com,password123
user4504@example.com,password123
user4505@example.com,password123
user4506@example.com,password123
user4507@example.com,password123
user4508@example.com,password123
user4509@example.com,password123
user4510@example.com,password123
user4511@example.com,password123
user4512@example.com,password123
user4513@example.com,password123
user4514@example.com,password123
user4515@example.com,password123
user4516@example.com,password123
user4517@example.com,password123
user4518@example.com,password123
user4519@example.com,password123
user4520@example.com,password123
user4521@example.com,password123
user4522@example.com,password123
user4523@example.com,password123
user4524@example.com,password123
user4525@example.com,password123
user4526@example.com,password123
user4527@example.com,password123
user4528@example.com,password123
user4529@example.com,password123
user4530@example.com,password123
user4531@example.com,password123
user4532@example.com,password123
user4533@example.com,password123
user4534@example.com,password123
user4535@example.com,password123
user4536@example.com,password123
user4537@example.com,password123
user4538@example.com,password123
user4539@example.com,password123
user4540@example.com,password123
user4541@example.com,password123
user4542@example.com,password123
user4543@example.com,password123
user4544@example.com,password123
user4545@example.com,password123
user4546@example.com,password123
user4547@example.com,password123
user4548@example.com,password123
user4549@example.com,password123
user4550@example.com,password123
user4551@example.com,password123
user4552@example.com,password123
user4553@example.com,password123
user4554@example.com,password123
user4555@example.com,password123
user4556@example.com,password123
user4557@example.com,password123
user4558@example.com,password123
user4559@example.com,password123
user4560@example.com,password123
user4561@example.com,password123
user4562@example.com,password123
user4563@example.com,password123
user4564@example.com,password123
user4565@example.com,password123
user4566@example.com,password123
user4567@example.com,password123
user4568@example.com,password123
user4569@example.com,password123
user4570@example.com,password123
user4571@example.com,password123
user4572@example.com,password123
user4573@example.com,password123
user4574@example.com,password123
user4575@example.com,password123
user4576@example.com,password123
user4577@example.com,password123
user4578@example.com,password123
user4579@example.com,password123
user4580@example.com,password123
user4581@example.com,password123
user4582@example.com,password123
user4583@example.com,password123
user4584@example.com,password123
user4585@example.com,password123
user4586@example.com,password123
user4587@example.com,password123
user4588@example.com,password123
user4589@example.com,password123
user4590@example.com,password123
user4591@example.com,password123
user4592@example.com,password123
user4593@example.com,password123
user4594@example.com,password123
user4595@example.com,password123
user4596@example.com,password123
user4597@example.com,password123
user4598@example.com,password123
user4599@example.com,password123
user4600@example.com,password123
user4601@example.com,password123
user4602@example.com,password123
user4603@example.com,password123
user4604@example.com,password123
user4605@example.com,password123
user4606@example.com,password123
user4607@example.com,password123
user4608@example.com,password123
user4609@example.com,password123
user4610@example.com,password123
user4611@example.com,password123
user4612@example.com,password123
user4613@example.com,password123
user4614@example.com,password123
user4615@example.com,password123
user4616@example.com,password123
user4617@example.com,password123
user4618@example.com,password123
user4619@example.com,password123
user4620@example.com,password123
user4621@example.com,password123
user4622@example.com,password123
user4623@example.com,password123
user4624@example.com,password123
user4625@example.com,password123
user4626@example.com,password123
user4627@example.com,password123
user4628@example.com,password123
user4629@example.com,password123
user4630@example.com,password123
user4631@example.com,password123
user4632@example.com,password123
user4633@example.com,password123
user4634@example.com,password123
user4635@example.com,password123
user4636@example.com,password123
user4637@example.com,password123
user4638@example.com,password123
user4639@example.com,password123
user4640@example.com,password123
user4641@example.com,password123
user4642@example.com,password123
user4643@example.com,password123
user4644@example.com,password123
user4645@example.com,password123
user4646@example.com,password123
user4647@example.com,password123
user4648@example.com,password123
user4649@example.com,password123
user4650@example.com,password123
user4651@example.com,password123
user4652@example.com,password123
user4653@example.com,password123
user4654@example.com,password123
user4655@example.com,password123
user4656@example.com,password123
user4657@example.com,password123
user4658@example.com,password123
user4659@example.com,password123
user4660@example.com,password123
user4661@example.com,password123
user4662@example.com,password123
user4663@example.com,password123
user4664@example.com,password123
user4665@example.com,password123
user4666@example.com,password123
user4667@example.com,password123
user4668@example.com,password123
user4669@example.com,password123
user4670@example.com,password123
user4671@example.com,password123
user4672@example.com,password123
user4673@example.com,password123
user4674@example.com,password123
user4675@example.com,password123
user4676@example.com,password123
user4677@example.com,password123
user4678@example.com,password123
user4679@example.com,password123
user4680@example.com,password123
user4681@example.com,password123
user4682@example.com,password123
user4683@example.com,password123
user4684@example.com,password123
user4685@example.com,password123
user4686@example.com,password123
user4687@example.com,password123
user4688@example.com,password123
user4689@example.com,password123
user4690@example.com,password123
user4691@example.com,password123
user4692@example.com,password123
user4693@example.com,password123
user4694@example.com,password123
user4695@example.com,password123
user4696@example.com,password123
user4697@example.com,password123
user4698@example.com,password123
user4699@example.com,password123
user4700@example.com,password123
user4701@example.com,password123
user4702@example.com,password123
user4703@example.com,password123
user4704@example.com,password123
user4705@example.com,password123
user4706@example.com,password123
user4707@example.com,password123
user4708@example.com,password123
user4709@example.com,password123
user4710@example.com,password123
user4711@example.com,password123
user4712@example.com,password123
user4713@example.com,password123
user4714@example.com,password123
user4715@example.com,password123
user4716@example.com,password123
user4717@example.com,password123
user4718@example.com,password123
user4719@example.com,password123
user4720@example.com,password123
user4721@example.com,password123
user4722@example.com,password123
user4723@example.com,password123
user4724@example.com,password123
user4725@example.com,password123
user4726@example.com,password123
user4727@example.com,password123
user4728@example.com,password123
user4729@example.com,password123
user4730@example.com,password123
user4731@example.com,password123
user4732@example.com,password123
user4733@example.com,password123
user4734@example.com,password123
user4735@example.com,password123
user4736@example.com,password123
user4737@example.com,password123
user4738@example.com,password123
user4739@example.com,password123
user4740@example.com,password123
user4741@example.com,password123
user4742@example.com,password123
user4743@example.com,password123
user4744@example.com,password123
user4745@example.com,password123
user4746@example.com,password123
user4747@example.com,password123
user4748@example.com,password123
user4749@example.com,password123
user4750@example.com,password123
user4751@example.com,password123
user4752@example.com,password123
user4753@example.com,password123
user4754@example.com,password123
user4755@example.com,password123
user4756@example.com,password123
user4757@example.com,password123
user4758@example.com,password123
user4759@example.com,password123
user4760@example.com,password123
user4761@example.com,password123
user4762@example.com,password123
user4763@example.com,password123
user4764@example.com,password123
user4765@example.com,password123
user4766@example.com,password123
user4767@example.com,password123
user4768@example.com,password123
user4769@example.com,password123
user4770@example.com,password123
user4771@example.com,password123
user4772@example.com,password123
user4773@example.com,password123
user4774@example.com,password123
user4775@example.com,password123
user4776@example.com,password123
user4777@example.com,password123
user4778@example.com,password123
user4779@example.com,password123
user4780@example.com,password123
user4781@example.com,password123
user4782@example.com,password123
user4783@example.com,password123
user4784@example.com,password123
user4785@example.com,password123
user4786@example.com,password123
user4787@example.com,password123
user4788@example.com,password123
user4789@example.com,password123
user4790@example.com,password123
user4791@example.com,password123
user4792@example.com,password123
user4793@example.com,password123
user4794@example.com,password123
user4795@example.com,password123
user4796@example.com,password123
user4797@example.com,password123
user4798@example.com,password123
user4799@example.com,password123
user4800@example.com,password123
user4801@example.com,password123
user4802@example.com,password123
user4803@example.com,password123
user4804@example.com,password123
user4805@example.com,password123
user4806@example.com,password123
user4807@example.com,password123
user4808@example.com,password123
user4809@example.com,password123
user4810@example.com,password123
user4811@example.com,password123
user4812@example.com,password123
user4813@example.com,password123
user4814@example.com,password123
user4815@example.com,password123
user4816@example.com,password123
user4817@example.com,password123
user4818@example.com,password123
user4819@example.com,password123
user4820@example.com,password123
user4821@example.com,password123
user4822@example.com,password123
user4823@example.com,password123
user4824@example.com,password123
user4825@example.com,password123
user4826@example.com,password123
user4827@example.com,password123
user4828@example.com,password123
user4829@example.com,password123
user4830@example.com,password123
user4831@example.com,password123
user4832@example.com,password123
user4833@example.com,password123
user4834@example.com,password123
user4835@example.com,password123
user4836@example.com,password123
user4837@example.com,password123
user4838@example.com,password123
user4839@example.com,password123
user4840@example.com,password123
user4841@example.com,password123
user4842@example.com,password123
user4843@example.com,password123
user4844@example.com,password123
user4845@example.com,password123
user4846@example.com,password123
user4847@example.com,password123
user4848@example.com,password123
user4849@example.com,password123
user4850@example.com,password123
user4851@example.com,password123
user4852@example.com,password123
user4853@example.com,password123
user4854@example.com,password123
user4855@example.com,password123
user4856@example.com,password123
user4857@example.com,password123
user4858@example.com,password123
user4859@example.com,password123
user4860@example.com,password123
user4861@example.com,password123
user4862@example.com,password123
user4863@example.com,password123
user4864@example.com,password123
user4865@example.com,password123
user4866@example.com,password123
user4867@example.com,password123
user4868@example.com,password123
user4869@example.com,password123
user4870@example.com,password123
user4871@example.com,password123
user4872@example.com,password123
user4873@example.com,password123
user4874@example.com,password123
user4875@example.com,password123
user4876@example.com,password123
user4877@example.com,password123
user4878@example.com,password123
user4879@example.com,password123
user4880@example.com,password123
user4881@example.com,password123
user4882@example.com,password123
user4883@example.com,password123
user4884@example.com,password123
user4885@example.com,password123
user4886@example.com,password123
user4887@example.com,password123
user4888@example.com,password123
user4889@example.com,password123
user4890@example.com,password123
user4891@example.com,password123
user4892@example.com,password123
user4893@example.com,password123
user4894@example.com,password123
user4895@example.com,password123
user4896@example.com,password123
user4897@example.com,password123
user4898@example.com,password123
user4899@example.com,password123
user4900@example.com,password123
user4901@example.com,password123
user4902@example.com,password123
user4903@example.com,password123
user4904@example.com,password123
user4905@example.com,password123
user4906@example.com,password123
user4907@example.com,password123
user4908@example.com,password123
user4909@example.com,password123
user4910@example.com,password123
user4911@example.com,password123
user4912@example.com,password123
user4913@example.com,password123
user4914@example.com,password123
user4915@example.com,password123
user4916@example.com,password123
user4917@example.com,password123
user4918@example.com,password123
user4919@example.com,password123
user4920@example.com,password123
user4921@example.com,password123
user4922@example.com,password123
user4923@example.com,password123
user4924@example.com,password123
user4925@example.com,password123
user4926@example.com,password123
user4927@example.com,password123
user4928@example.com,password123
user4929@example.com,password123
user4930@example.com,password123
user4931@example.com,password123
user4932@example.com,password123
user4933@example.com,password123
user4934@example.com,password123
user4935@example.com,password123
user4936@example.com,password123
user4937@example.com,password123
user4938@example.com,password123
user4939@example.com,password123
user4940@example.com,password123
user4941@example.com,password123
user4942@example.com,password123
user4943@example.com,password123
user4944@example.com,password123
user4945@example.com,password123
user4946@example.com,password123
user4947@example.com,password123
user4948@example.com,password123
user4949@example.com,password123
user4950@example.com,password123
user4951@example.com,password123
user4952@example.com,password123
user4953@example.com,password123
user4954@example.com,password123
user4955@example.com,password123
user4956@example.com,password123
user4957@example.com,password123
user4958@example.com,password123
user4959@example.com,password123
user4960@example.com,password123
user4961@example.com,password123
user4962@example.com,password123
user4963@example.com,password123
user4964@example.com,password123
user4965@example.com,password123
user4966@example.com,password123
user4967@example.com,password123
user4968@example.com,password123
user4969@example.com,password123
user4970@example.com,password123
user4971@example.com,password123
user4972@example.com,password123
user4973@example.com,password123
user4974@example.com,password123
user4975@example.com,password123
user4976@example.com,password123
user4977@example.com,password123
user4978@example.com,password123
user4979@example.com,password123
user4980@example.com,password123
user4981@example.com,password123
user4982@example.com,password123
user4983@example.com,password123
user4984@example.com,password123
user4985@example.com,password123
user4986@example.com,password123
user4987@example.com,password123
user4988@example.com,password123
user4989@example.com,password123
user4990@example.com,password123
user4991@example.com,password123
user4992@example.com,password123
user4993@example.com,password123
user4994@example.com,password123
user4995@example.com,password123
user4996@example.com,password123
user4997@example.com,password123
user4998@example.com,password123
user4999@example.com,password123
user5000@example.com,password123
user5001@example.com,password123
user5002@example.com,password123
user5003@example.com,password123
user5004@example.com,password123
user5005@example.com,password123
user5006@example.com,password123
user5007@example.com,password123
user5008@example.com,password123
user5009@example.com,password123
user5010@example.com,password123
user5011@example.com,password123
user5012@example.com,password123
user5013@example.com,password123
user5014@example.com,password123
user5015@example.com,password123
user5016@example.com,password123
user5017@example.com,password123
user5018@example.com,password123
user5019@example.com,password123
user5020@example.com,password123
user5021@example.com,password123
user5022@example.com,password123
user5023@example.com,password123
user5024@example.com,password123
user5025@example.com,password123
user5026@example.com,password123
user5027@example.com,password123
user5028@example.com,password123
user5029@example.com,password123
user5030@example.com,password123
user5031@example.com,password123
user5032@example.com,password123
user5033@example.com,password123
user5034@example.com,password123
user5035@example.com,password123
user5036@example.com,password123
user5037@example.com,password123
user5038@example.com,password123
user5039@example.com,password123
user5040@example.com,password123
user5041@example.com,password123
user5042@example.com,password123
user5043@example.com,password123
user5044@example.com,password123
user5045@example.com,password123
user5046@example.com,password123
user5047@example.com,password123
user5048@example.com,password123
user5049@example.com,password123
user5050@example.com,password123
user5051@example.com,password123
user5052@example.com,password123
user5053@example.com,password123
user5054@example.com,password123
user5055@example.com,password123
user5056@example.com,password123
user5057@example.com,password123
user5058@example.com,password123
user5059@example.com,password123
user5060@example.com,password123
user5061@example.com,password123
user5062@example.com,password123
user5063@example.com,password123
user5064@example.com,password123
user5065@example.com,password123
user5066@example.com,password123
user5067@example.com,password123
user5068@example.com,password123
user5069@example.com,password123
user5070@example.com,password123
user5071@example.com,password123
user5072@example.com,password123
user5073@example.com,password123
user5074@example.com,password123
user5075@example.com,password123
user5076@example.com,password123
user5077@example.com,password123
user5078@example.com,password123
user5079@example.com,password123
user5080@example.com,password123
user5081@example.com,password123
user5082@example.com,password123
user5083@example.com,password123
user5084@example.com,password123
user5085@example.com,password123
user5086@example.com,password123
user5087@example.com,password123
user5088@example.com,password123
user5089@example.com,password123
user5090@example.com,password123
user5091@example.com,password123
user5092@example.com,password123
user5093@example.com,password123
user5094@example.com,password123
user5095@example.com,password123
user5096@example.com,password123
user5097@example.com,password123
user5098@example.com,password123
user5099@example.com,password123
user5100@example.com,password123
user5101@example.com,password123
user5102@example.com,password123
user5103@example.com,password123
user5104@example.com,password123
user5105@example.com,password123
user5106@example.com,password123
user5107@example.com,password123
user5108@example.com,password123
user5109@example.com,password123
user5110@example.com,password123
user5111@example.com,password123
user5112@example.com,password123
user5113@example.com,password123
user5114@example.com,password123
user5115@example.com,password123
user5116@example.com,password123
user5117@example.com,password123
user5118@example.com,password123
user5119@example.com,password123
user5120@example.com,password123
user5121@example.com,password123
user5122@example.com,password123
user5123@example.com,password123
user5124@example.com,password123
user5125@example.com,password123
user5126@example.com,password123
user5127@example.com,password123
user5128@example.com,password123
user5129@example.com,password123
user5130@example.com,password123
user5131@example.com,password123
user5132@example.com,password123
user5133@example.com,password123
user5134@example.com,password123
user5135@example.com,password123
user5136@example.com,password123
user5137@example.com,password123
user5138@example.com,password123
user5139@example.com,password123
user5140@example.com,password123
user5141@example.com,password123
user5142@example.com,password123
user5143@example.com,password123
user5144@example.com,password123
user5145@example.com,password123
user5146@example.com,password123
user5147@example.com,password123
user5148@example.com,password123
user5149@example.com,password123
user5150@example.com,password123
user5151@example.com,password123
user5152@example.com,password123
user5153@example.com,password123
user5154@example.com,password123
user5155@example.com,password123
user5156@example.com,password123
user5157@example.com,password123
user5158@example.com,password123
user5159@example.com,password123
user5160@example.com,password123
user5161@example.com,password123
user5162@example.com,password123
user5163@example.com,password123
user5164@example.com,password123
user5165@example.com,password123
user5166@example.com,password123
user5167@example.com,password123
user5168@example.com,password123
user5169@example.com,password123
user5170@example.com,password123
user5171@example.com,password123
user5172@example.com,password123
user5173@example.com,password123
user5174@example.com,password123
user5175@example.com,password123
user5176@example.com,password123
user5177@example.com,password123
user5178@example.com,password123
user5179@example.com,password123
user5180@example.com,password123
user5181@example.com,password123
user5182@example.com,password123
user5183@example.com,password123
user5184@example.com,password123
user5185@example.com,password123
user5186@example.com,password123
user5187@example.com,password123
user5188@example.com,password123
user5189@example.com,password123
user5190@example.com,password123
user5191@example.com,password123
user5192@example.com,password123
user5193@example.com,password123
user5194@example.com,password123
user5195@example.com,password123
user5196@example.com,password123
user5197@example.com,password123
user5198@example.com,password123
user5199@example.com,password123
user5200@example.com,password123
user5201@example.com,password123
user5202@example.com,password123
user5203@example.com,password123
user5204@example.com,password123
user5205@example.com,password123
user5206@example.com,password123
user5207@example.com,password123
user5208@example.com,password123
user5209@example.com,password123
user5210@example.com,password123
user5211@example.com,password123
user5212@example.com,password123
user5213@example.com,password123
user5214@example.com,password123
user5215@example.com,password123
user5216@example.com,password123
user5217@example.com,password123
user5218@example.com,password123
user5219@example.com,password123
user5220@example.com,password123
user5221@example.com,password123
user5222@example.com,password123
user5223@example.com,password123
user5224@example.com,password123
user5225@example.com,password123
user5226@example.com,password123
user5227@example.com,password123
user5228@example.com,password123
user5229@example.com,password123
user5230@example.com,password123
user5231@example.com,password123
user5232@example.com,password123
user5233@example.com,password123
user5234@example.com,password123
user5235@example.com,password123
user5236@example.com,password123
user5237@example.com,password123
user5238@example.com,password123
user5239@example.com,password123
user5240@example.com,password123
user5241@example.com,password123
user5242@example.com,password123
user5243@example.com,password123
user5244@example.com,password123
user5245@example.com,password123
user5246@example.com,password123
user5247@example.com,password123
user5248@example.com,password123
user5249@example.com,password123
user5250@example.com,password123
user5251@example.com,password123
user5252@example.com,password123
user5253@example.com,password123
user5254@example.com,password123
user5255@example.com,password123
user5256@example.com,password123
user5257@example.com,password123
user5258@example.com,password123
user5259@example.com,password123
user5260@example.com,password123
user5261@example.com,password123
user5262@example.com,password123
user5263@example.com,password123
user5264@example.com,password123
user5265@example.com,password123
user5266@example.com,password123
user5267@example.com,password123
user5268@example.com,password123
user5269@example.com,password123
user5270@example.com,password123
user5271@example.com,password123
user5272@example.com,password123
user5273@example.com,password123
user5274@example.com,password123
user5275@example.com,password123
user5276@example.com,password123
user5277@example.com,password123
user5278@example.com,password123
user5279@example.com,password123
user5280@example.com,password123
user5281@example.com,password123
user5282@example.com,password123
user5283@example.com,password123
user5284@example.com,password123
user5285@example.com,password123
user5286@example.com,password123
user5287@example.com,password123
user5288@example.com,password123
user5289@example.com,password123
user5290@example.com,password123
user5291@example.com,password123
user5292@example.com,password123
user5293@example.com,password123
user5294@example.com,password123
user5295@example.com,password123
user5296@example.com,password123
user5297@example.com,password123
user5298@example.com,password123
user5299@example.com,password123
user5300@example.com,password123
user5301@example.com,password123
user5302@example.com,password123
user5303@example.com,password123
user5304@example.com,password123
user5305@example.com,password123
user5306@example.com,password123
user5307@example.com,password123
user5308@example.com,password123
user5309@example.com,password123
user5310@example.com,password123
user5311@example.com,password123
user5312@example.com,password123
user5313@example.com,password123
user5314@example.com,password123
user5315@example.com,password123
user5316@example.com,password123
user5317@example.com,password123
user5318@example.com,password123
user5319@example.com,password123
user5320@example.com,password123
user5321@example.com,password123
user5322@example.com,password123
user5323@example.com,password123
user5324@example.com,password123
user5325@example.com,password123
user5326@example.com,password123
user5327@example.com,password123
user5328@example.com,password123
user5329@example.com,password123
user5330@example.com,password123
user5331@example.com,password123
user5332@example.com,password123
user5333@example.com,password123
user5334@example.com,password123
user5335@example.com,password123
user5336@example.com,password123
user5337@example.com,password123
user5338@example.com,password123
user5339@example.com,password123
user5340@example.com,password123
user5341@example.com,password123
user5342@example.com,password123
user5343@example.com,password123
user5344@example.com,password123
user5345@example.com,password123
user5346@example.com,password123
user5347@example.com,password123
user5348@example.com,password123
user5349@example.com,password123
user5350@example.com,password123
user5351@example.com,password123
user5352@example.com,password123
user5353@example.com,password123
user5354@example.com,password123
user5355@example.com,password123
user5356@example.com,password123
user5357@example.com,password123
user5358@example.com,password123
user5359@example.com,password123
user5360@example.com,password123
user5361@example.com,password123
user5362@example.com,password123
user5363@example.com,password123
user5364@example.com,password123
user5365@example.com,password123
user5366@example.com,password123
user5367@example.com,password123
user5368@example.com,password123
user5369@example.com,password123
user5370@example.com,password123
user5371@example.com,password123
user5372@example.com,password123
user5373@example.com,password123
user5374@example.com,password123
user5375@example.com,password123
user5376@example.com,password123
user5377@example.com,password123
user5378@example.com,password123
user5379@example.com,password123
user5380@example.com,password123
user5381@example.com,password123
user5382@example.com,password123
user5383@example.com,password123
user5384@example.com,password123
user5385@example.com,password123
user5386@example.com,password123
user5387@example.com,password123
user5388@example.com,password123
user5389@example.com,password123
user5390@example.com,password123
user5391@example.com,password123
user5392@example.com,password123
user5393@example.com,password123
user5394@example.com,password123
user5395@example.com,password123
user5396@example.com,password123
user5397@example.com,password123
user5398@example.com,password123
user5399@example.com,password123
user5400@example.com,password123
user5401@example.com,password123
user5402@example.com,password123
user5403@example.com,password123
user5404@example.com,password123
user5405@example.com,password123
user5406@example.com,password123
user5407@example.com,password123
user5408@example.com,password123
user5409@example.com,password123
user5410@example.com,password123
user5411@example.com,password123
user5412@example.com,password123
user5413@example.com,password123
user5414@example.com,password123
user5415@example.com,password123
user5416@example.com,password123
user5417@example.com,password123
user5418@example.com,password123
user5419@example.com,password123
user5420@example.com,password123
user5421@example.com,password123
user5422@example.com,password123
user5423@example.com,password123
user5424@example.com,password123
user5425@example.com,password123
user5426@example.com,password123
user5427@example.com,password123
user5428@example.com,password123
user5429@example.com,password123
user5430@example.com,password123
user5431@example.com,password123
user5432@example.com,password123
user5433@example.com,password123
user5434@example.com,password123
user5435@example.com,password123
user5436@example.com,password123
user5437@example.com,password123
user5438@example.com,password123
user5439@example.com,password123
user5440@example.com,password123
user5441@example.com,password123
user5442@example.com,password123
user5443@example.com,password123
user5444@example.com,password123
user5445@example.com,password123
user5446@example.com,password123
user5447@example.com,password123
user5448@example.com,password123
user5449@example.com,password123
user5450@example.com,password123
user5451@example.com,password123
user5452@example.com,password123
user5453@example.com,password123
user5454@example.com,password123
user5455@example.com,password123
user5456@example.com,password123
user5457@example.com,password123
user5458@example.com,password123
user5459@example.com,password123
user5460@example.com,password123
user5461@example.com,password123
user5462@example.com,password123
user5463@example.com,password123
user5464@example.com,password123
user5465@example.com,password123
user5466@example.com,password123
user5467@example.com,password123
user5468@example.com,password123
user5469@example.com,password123
user5470@example.com,password123
user5471@example.com,password123
user5472@example.com,password123
user5473@example.com,password123
user5474@example.com,password123
user5475@example.com,password123
user5476@example.com,password123
user5477@example.com,password123
user5478@example.com,password123
user5479@example.com,password123
user5480@example.com,password123
user5481@example.com,password123
user5482@example.com,password123
user5483@example.com,password123
user5484@example.com,password123
user5485@example.com,password123
user5486@example.com,password123
user5487@example.com,password123
user5488@example.com,password123
user5489@example.com,password123
user5490@example.com,password123
user5491@example.com,password123
user5492@example.com,password123
user5493@example.com,password123
user5494@example.com,password123
user5495@example.com,password123
user5496@example.com,password123
user5497@example.com,password123
user5498@example.com,password123
user5499@example.com,password123
user5500@example.com,password123
user5501@example.com,password123
user5502@example.com,password123
user5503@example.com,password123
user5504@example.com,password123
user5505@example.com,password123
user5506@example.com,password123
user5507@example.com,password123
user5508@example.com,password123
user5509@example.com,password123
user5510@example.com,password123
user5511@example.com,password123
user5512@example.com,password123
user5513@example.com,password123
user5514@example.com,password123
user5515@example.com,password123
user5516@example.com,password123
user5517@example.com,password123
user5518@example.com,password123
user5519@example.com,password123
user5520@example.com,password123
user5521@example.com,password123
user5522@example.com,password123
user5523@example.com,password123
user5524@example.com,password123
user5525@example.com,password123
user5526@example.com,password123
user5527@example.com,password123
user5528@example.com,password123
user5529@example.com,password123
user5530@example.com,password123
user5531@example.com,password123
user5532@example.com,password123
user5533@example.com,password123
user5534@example.com,password123
user5535@example.com,password123
user5536@example.com,password123
user5537@example.com,password123
user5538@example.com,password123
user5539@example.com,password123
user5540@example.com,password123
user5541@example.com,password123
user5542@example.com,password123
user5543@example.com,password123
user5544@example.com,password123
user5545@example.com,password123
user5546@example.com,password123
user5547@example.com,password123
user5548@example.com,password123
user5549@example.com,password123
user5550@example.com,password123
user5551@example.com,password123
user5552@example.com,password123
user5553@example.com,password123
user5554@example.com,password123
user5555@example.com,password123
user5556@example.com,password123
user5557@example.com,password123
user5558@example.com,password123
user5559@example.com,password123
user5560@example.com,password123
user5561@example.com,password123
user5562@example.com,password123
user5563@example.com,password123
user5564@example.com,password123
user5565@example.com,password123
user5566@example.com,password123
user5567@example.com,password123
user5568@example.com,password123
user5569@example.com,password123
user5570@example.com,password123
user5571@example.com,password123
user5572@example.com,password123
user5573@example.com,password123
user5574@example.com,password123
user5575@example.com,password123
user5576@example.com,password123
user5577@example.com,password123
user5578@example.com,password123
user5579@example.com,password123
user5580@example.com,password123
user5581@example.com,password123
user5582@example.com,password123
user5583@example.com,password123
user5584@example.com,password123
user5585@example.com,password123
user5586@example.com,password123
user5587@example.com,password123
user5588@example.com,password123
user5589@example.com,password123
user5590@example.com,password123
user5591@example.com,password123
user5592@example.com,password123
user5593@example.com,password123
user5594@example.com,password123
user5595@example.com,password123
user5596@example.com,password123
user5597@example.com,password123
user5598@example.com,password123
user5599@example.com,password123
user5600@example.com,password123
user5601@example.com,password123
user5602@example.com,password123
user5603@example.com,password123
user5604@example.com,password123
user5605@example.com,password123
user5606@example.com,password123
user5607@example.com,password123
user5608@example.com,password123
user5609@example.com,password123
user5610@example.com,password123
user5611@example.com,password123
user5612@example.com,password123
user5613@example.com,password123
user5614@example.com,password123
user5615@example.com,password123
user5616@example.com,password123
user5617@example.com,password123
user5618@example.com,password123
user5619@example.com,password123
user5620@example.com,password123
user5621@example.com,password123
user5622@example.com,password123
user5623@example.com,password123
user5624@example.com,password123
user5625@example.com,password123
user5626@example.com,password123
user5627@example.com,password123
user5628@example.com,password123
user5629@example.com,password123
user5630@example.com,password123
user5631@example.com,password123
user5632@example.com,password123
user5633@example.com,password123
user5634@example.com,password123
user5635@example.com,password123
user5636@example.com,password123
user5637@example.com,password123
user5638@example.com,password123
user5639@example.com,password123
user5640@example.com,password123
user5641@example.com,password123
user5642@example.com,password123
user5643@example.com,password123
user5644@example.com,password123
user5645@example.com,password123
user5646@example.com,password123
user5647@example.com,password123
user5648@example.com,password123
user5649@example.com,password123
user5650@example.com,password123
user5651@example.com,password123
user5652@example.com,password123
user5653@example.com,password123
user5654@example.com,password123
user5655@example.com,password123
user5656@example.com,password123
user5657@example.com,password123
user5658@example.com,password123
user5659@example.com,password123
user5660@example.com,password123
user5661@example.com,password123
user5662@example.com,password123
user5663@example.com,password123
user5664@example.com,password123
user5665@example.com,password123
user5666@example.com,password123
user5667@example.com,password123
user5668@example.com,password123
user5669@example.com,password123
user5670@example.com,password123
user5671@example.com,password123
user5672@example.com,password123
user5673@example.com,password123
user5674@example.com,password123
user5675@example.com,password123
user5676@example.com,password123
user5677@example.com,password123
user5678@example.com,password123
user5679@example.com,password123
user5680@example.com,password123
user5681@example.com,password123
user5682@example.com,password123
user5683@example.com,password123
user5684@example.com,password123
user5685@example.com,password123
user5686@example.com,password123
user5687@example.com,password123
user5688@example.com,password123
user5689@example.com,password123
user5690@example.com,password123
user5691@example.com,password123
user5692@example.com,password123
user5693@example.com,password123
user5694@example.com,password123
user5695@example.com,password123
user5696@example.com,password123
user5697@example.com,password123
user5698@example.com,password123
user5699@example.com,password123
user5700@example.com,password123
user5701@example.com,password123
user5702@example.com,password123
user5703@example.com,password123
user5704@example.com,password123
user5705@example.com,password123
user5706@example.com,password123
user5707@example.com,password123
user5708@example.com,password123
user5709@example.com,password123
user5710@example.com,password123
user5711@example.com,password123
user5712@example.com,password123
user5713@example.com,password123
user5714@example.com,password123
user5715@example.com,password123
user5716@example.com,password123
user5717@example.com,password123
user5718@example.com,password123
user5719@example.com,password123
user5720@example.com,password123
user5721@example.com,password123
user5722@example.com,password123
user5723@example.com,password123
user5724@example.com,password123
user5725@example.com,password123
user5726@example.com,password123
user5727@example.com,password123
user5728@example.com,password123
user5729@example.com,password123
user5730@example.com,password123
user5731@example.com,password123
user5732@example.com,password123
user5733@example.com,password123
user5734@example.com,password123
user5735@example.com,password123
user5736@example.com,password123
user5737@example.com,password123
user5738@example.com,password123
user5739@example.com,password123
user5740@example.com,password123
user5741@example.com,password123
user5742@example.com,password123
user5743@example.com,password123
user5744@example.com,password123
user5745@example.com,password123
user5746@example.com,password123
user5747@example.com,password123
user5748@example.com,password123
user5749@example.com,password123
user5750@example.com,password123
user5751@example.com,password123
user5752@example.com,password123
user5753@example.com,password123
user5754@example.com,password123
user5755@example.com,password123
user5756@example.com,password123
user5757@example.com,password123
user5758@example.com,password123
user5759@example.com,password123
user5760@example.com,password123
user5761@example.com,password123
user5762@example.com,password123
user5763@example.com,password123
user5764@example.com,password123
user5765@example.com,password123
user5766@example.com,password123
user5767@example.com,password123
user5768@example.com,password123
user5769@example.com,password123
user5770@example.com,password123
user5771@example.com,password123
user5772@example.com,password123
user5773@example.com,password123
user5774@example.com,password123
user5775@example.com,password123
user5776@example.com,password123
user5777@example.com,password123
user5778@example.com,password123
user5779@example.com,password123
user5780@example.com,password123
user5781@example.com,password123
user5782@example.com,password123
user5783@example.com,password123
user5784@example.com,password123
user5785@example.com,password123
user5786@example.com,password123
user5787@example.com,password123
user5788@example.com,password123
user5789@example.com,password123
user5790@example.com,password123
user5791@example.com,password123
user5792@example.com,password123
user5793@example.com,password123
user5794@example.com,password123
user5795@example.com,password123
user5796@example.com,password123
user5797@example.com,password123
user5798@example.com,password123
user5799@example.com,password123
user5800@example.com,password123
user5801@example.com,password123
user5802@example.com,password123
user5803@example.com,password123
user5804@example.com,password123
user5805@example.com,password123
user5806@example.com,password123
user5807@example.com,password123
user5808@example.com,password123
user5809@example.com,password123
user5810@example.com,password123
user5811@example.com,password123
user5812@example.com,password123
user5813@example.com,password123
user5814@example.com,password123
user5815@example.com,password123
user5816@example.com,password123
user5817@example.com,password123
user5818@example.com,password123
user5819@example.com,password123
user5820@example.com,password123
user5821@example.com,password123
user5822@example.com,password123
user5823@example.com,password123
user5824@example.com,password123
user5825@example.com,password123
user5826@example.com,password123
user5827@example.com,password123
user5828@example.com,password123
user5829@example.com,password123
user5830@example.com,password123
user5831@example.com,password123
user5832@example.com,password123
user5833@example.com,password123
user5834@example.com,password123
user5835@example.com,password123
user5836@example.com,password123
user5837@example.com,password123
user5838@example.com,password123
user5839@example.com,password123
user5840@example.com,password123
user5841@example.com,password123
user5842@example.com,password123
user5843@example.com,password123
user5844@example.com,password123
user5845@example.com,password123
user5846@example.com,password123
user5847@example.com,password123
user5848@example.com,password123
user5849@example.com,password123
user5850@example.com,password123
user5851@example.com,password123
user5852@example.com,password123
user5853@example.com,password123
user5854@example.com,password123
user5855@example.com,password123
user5856@example.com,password123
user5857@example.com,password123
user5858@example.com,password123
user5859@example.com,password123
user5860@example.com,password123
user5861@example.com,password123
user5862@example.com,password123
user5863@example.com,password123
user5864@example.com,password123
user5865@example.com,password123
user5866@example.com,password123
user5867@example.com,password123
user5868@example.com,password123
user5869@example.com,password123
user5870@example.com,password123
user5871@example.com,password123
user5872@example.com,password123
user5873@example.com,password123
user5874@example.com,password123
user5875@example.com,password123
user5876@example.com,password123
user5877@example.com,password123
user5878@example.com,password123
user5879@example.com,password123
user5880@example.com,password123
user5881@example.com,password123
user5882@example.com,password123
user5883@example.com,password123
user5884@example.com,password123
user5885@example.com,password123
user5886@example.com,password123
user5887@example.com,password123
user5888@example.com,password123
user5889@example.com,password123
user5890@example.com,password123
user5891@example.com,password123
user5892@example.com,password123
user5893@example.com,password123
user5894@example.com,password123
user5895@example.com,password123
user5896@example.com,password123
user5897@example.com,password123
user5898@example.com,password123
user5899@example.com,password123
user5900@example.com,password123
user5901@example.com,password123
user5902@example.com,password123
user5903@example.com,password123
user5904@example.com,password123
user5905@example.com,password123
user5906@example.com,password123
user5907@example.com,password123
user5908@example.com,password123
user5909@example.com,password123
user5910@example.com,password123
user5911@example.com,password123
user5912@example.com,password123
user5913@example.com,password123
user5914@example.com,password123
user5915@example.com,password123
user5916@example.com,password123
user5917@example.com,password123
user5918@example.com,password123
user5919@example.com,password123
user5920@example.com,password123
user5921@example.com,password123
user5922@example.com,password123
user5923@example.com,password123
user5924@example.com,password123
user5925@example.com,password123
user5926@example.com,password123
user5927@example.com,password123
user5928@example.com,password123
user5929@example.com,password123
user5930@example.com,password123
user5931@example.com,password123
user5932@example.com,password123
user5933@example.com,password123
user5934@example.com,password123
user5935@example.com,password123
user5936@example.com,password123
user5937@example.com,password123
user5938@example.com,password123
user5939@example.com,password123
user5940@example.com,password123
user5941@example.com,password123
user5942@example.com,password123
user5943@example.com,password123
user5944@example.com,password123
user5945@example.com,password123
user5946@example.com,password123
user5947@example.com,password123
user5948@example.com,password123
user5949@example.com,password123
user5950@example.com,password123
user5951@example.com,password123
user5952@example.com,password123
user5953@example.com,password123
user5954@example.com,password123
user5955@example.com,password123
user5956@example.com,password123
user5957@example.com,password123
user5958@example.com,password123
user5959@example.com,password123
user5960@example.com,password123
user5961@example.com,password123
user5962@example.com,password123
user5963@example.com,password123
user5964@example.com,password123
user5965@example.com,password123
user5966@example.com,password123
user5967@example.com,password123
user5968@example.com,password123
user5969@example.com,password123
user5970@example.com,password123
user5971@example.com,password123
user5972@example.com,password123
user5973@example.com,password123
user5974@example.com,password123
user5975@example.com,password123
user5976@example.com,password123
user5977@example.com,password123
user5978@example.com,password123
user5979@example.com,password123
user5980@example.com,password123
user5981@example.com,password123
user5982@example.com,password123
user5983@example.com,password123
user5984@example.com,password123
user5985@example.com,password123
user5986@example.com,password123
user5987@example.com,password123
user5988@example.com,password123
user5989@example.com,password123
user5990@example.com,password123
user5991@example.com,password123
user5992@example.com,password123
user5993@example.com,password123
user5994@example.com,password123
user5995@example.com,password123
user5996@example.com,password123
user5997@example.com,password123
user5998@example.com,password123
user5999@example.com,password123
user6000@example.com,password123
user6001@example.com,password123
user6002@example.com,password123
user6003@example.com,password123
user6004@example.com,password123
user6005@example.com,password123
user6006@example.com,password123
user6007@example.com,password123
user6008@example.com,password123
user6009@example.com,password123
user6010@example.com,password123
user6011@example.com,password123
user6012@example.com,password123
user6013@example.com,password123
user6014@example.com,password123
user6015@example.com,password123
user6016@example.com,password123
user6017@example.com,password123
user6018@example.com,password123
user6019@example.com,password123
user6020@example.com,password123
user6021@example.com,password123
user6022@example.com,password123
user6023@example.com,password123
user6024@example.com,password123
user6025@example.com,password123
user6026@example.com,password123
user6027@example.com,password123
user6028@example.com,password123
user6029@example.com,password123
user6030@example.com,password123
user6031@example.com,password123
user6032@example.com,password123
user6033@example.com,password123
user6034@example.com,password123
user6035@example.com,password123
user6036@example.com,password123
user6037@example.com,password123
user6038@example.com,password123
user6039@example.com,password123
user6040@example.com,password123
user6041@example.com,password123
user6042@example.com,password123
user6043@example.com,password123
user6044@example.com,password123
user6045@example.com,password123
user6046@example.com,password123
user6047@example.com,password123
user6048@example.com,password123
user6049@example.com,password123
user6050@example.com,password123
user6051@example.com,password123
user6052@example.com,password123
user6053@example.com,password123
user6054@example.com,password123
user6055@example.com,password123
user6056@example.com,password123
user6057@example.com,password123
user6058@example.com,password123
user6059@example.com,password123
user6060@example.com,password123
user6061@example.com,password123
user6062@example.com,password123
user6063@example.com,password123
user6064@example.com,password123
user6065@example.com,password123
user6066@example.com,password123
user6067@example.com,password123
user6068@example.com,password123
user6069@example.com,password123
user6070@example.com,password123
user6071@example.com,password123
user6072@example.com,password123
user6073@example.com,password123
user6074@example.com,password123
user6075@example.com,password123
user6076@example.com,password123
user6077@example.com,password123
user6078@example.com,password123
user6079@example.com,password123
user6080@example.com,password123
user6081@example.com,password123
user6082@example.com,password123
user6083@example.com,password123
user6084@example.com,password123
user6085@example.com,password123
user6086@example.com,password123
user6087@example.com,password123
user6088@example.com,password123
user6089@example.com,password123
user6090@example.com,password123
user6091@example.com,password123
user6092@example.com,password123
user6093@example.com,password123
user6094@example.com,password123
user6095@example.com,password123
user6096@example.com,password123
user6097@example.com,password123
user6098@example.com,password123
user6099@example.com,password123
user6100@example.com,password123
user6101@example.com,password123
user6102@example.com,password123
user6103@example.com,password123
user6104@example.com,password123
user6105@example.com,password123
user6106@example.com,password123
user6107@example.com,password123
user6108@example.com,password123
user6109@example.com,password123
user6110@example.com,password123
user6111@example.com,password123
user6112@example.com,password123
user6113@example.com,password123
user6114@example.com,password123
user6115@example.com,password123
user6116@example.com,password123
user6117@example.com,password123
user6118@example.com,password123
user6119@example.com,password123
user6120@example.com,password123
user6121@example.com,password123
user6122@example.com,password123
user6123@example.com,password123
user6124@example.com,password123
user6125@example.com,password123
user6126@example.com,password123
user6127@example.com,password123
user6128@example.com,password123
user6129@example.com,password123
user6130@example.com,password123
user6131@example.com,password123
user6132@example.com,password123
user6133@example.com,password123
user6134@example.com,password123
user6135@example.com,password123
user6136@example.com,password123
user6137@example.com,password123
user6138@example.com,password123
user6139@example.com,password123
user6140@example.com,password123
user6141@example.com,password123
user6142@example.com,password123
user6143@example.com,password123
user6144@example.com,password123
user6145@example.com,password123
user6146@example.com,password123
user6147@example.com,password123
user6148@example.com,password123
user6149@example.com,password123
user6150@example.com,password123
user6151@example.com,password123
user6152@example.com,password123
user6153@example.com,password123
user6154@example.com,password123
user6155@example.com,password123
user6156@example.com,password123
user6157@example.com,password123
user6158@example.com,password123
user6159@example.com,password123
user6160@example.com,password123
user6161@example.com,password123
user6162@example.com,password123
user6163@example.com,password123
user6164@example.com,password123
user6165@example.com,password123
user6166@example.com,password123
user6167@example.com,password123
user6168@example.com,password123
user6169@example.com,password123
user6170@example.com,password123
user6171@example.com,password123
user6172@example.com,password123
user6173@example.com,password123
user6174@example.com,password123
user6175@example.com,password123
user6176@example.com,password123
user6177@example.com,password123
user6178@example.com,password123
user6179@example.com,password123
user6180@example.com,password123
user6181@example.com,password123
user6182@example.com,password123
user6183@example.com,password123
user6184@example.com,password123
user6185@example.com,password123
user6186@example.com,password123
user6187@example.com,password123
user6188@example.com,password123
user6189@example.com,password123
user6190@example.com,password123
user6191@example.com,password123
user6192@example.com,password123
user6193@example.com,password123
user6194@example.com,password123
user6195@example.com,password123
user6196@example.com,password123
user6197@example.com,password123
user6198@example.com,password123
user6199@example.com,password123
user6200@example.com,password123
user6201@example.com,password123
user6202@example.com,password123
user6203@example.com,password123
user6204@example.com,password123
user6205@example.com,password123
user6206@example.com,password123
user6207@example.com,password123
user6208@example.com,password123
user6209@example.com,password123
user6210@example.com,password123
user6211@example.com,password123
user6212@example.com,password123
user6213@example.com,password123
user6214@example.com,password123
user6215@example.com,password123
user6216@example.com,password123
user6217@example.com,password123
user6218@example.com,password123
user6219@example.com,password123
user6220@example.com,password123
user6221@example.com,password123
user6222@example.com,password123
user6223@example.com,password123
user6224@example.com,password123
user6225@example.com,password123
user6226@example.com,password123
user6227@example.com,password123
user6228@example.com,password123
user6229@example.com,password123
user6230@example.com,password123
user6231@example.com,password123
user6232@example.com,password123
user6233@example.com,password123
user6234@example.com,password123
user6235@example.com,password123
user6236@example.com,password123
user6237@example.com,password123
user6238@example.com,password123
user6239@example.com,password123
user6240@example.com,password123
user6241@example.com,password123
user6242@example.com,password123
user6243@example.com,password123
user6244@example.com,password123
user6245@example.com,password123
user6246@example.com,password123
user6247@example.com,password123
user6248@example.com,password123
user6249@example.com,password123
user6250@example.com,password123
user6251@example.com,password123
user6252@example.com,password123
user6253@example.com,password123
user6254@example.com,password123
user6255@example.com,password123
user6256@example.com,password123
user6257@example.com,password123
user6258@example.com,password123
user6259@example.com,password123
user6260@example.com,password123
user6261@example.com,password123
user6262@example.com,password123
user6263@example.com,password123
user6264@example.com,password123
user6265@example.com,password123
user6266@example.com,password123
user6267@example.com,password123
user6268@example.com,password123
user6269@example.com,password123
user6270@example.com,password123
user6271@example.com,password123
user6272@example.com,password123
user6273@example.com,password123
user6274@example.com,password123
user6275@example.com,password123
user6276@example.com,password123
user6277@example.com,password123
user6278@example.com,password123
user6279@example.com,password123
user6280@example.com,password123
user6281@example.com,password123
user6282@example.com,password123
user6283@example.com,password123
user6284@example.com,password123
user6285@example.com,password123
user6286@example.com,password123
user6287@example.com,password123
user6288@example.com,password123
user6289@example.com,password123
user6290@example.com,password123
user6291@example.com,password123
user6292@example.com,password123
user6293@example.com,password123
user6294@example.com,password123
user6295@example.com,password123
user6296@example.com,password123
user6297@example.com,password123
user6298@example.com,password123
user6299@example.com,password123
user6300@example.com,password123
user6301@example.com,password123
user6302@example.com,password123
user6303@example.com,password123
user6304@example.com,password123
user6305@example.com,password123
user6306@example.com,password123
user6307@example.com,password123
user6308@example.com,password123
user6309@example.com,password123
user6310@example.com,password123
user6311@example.com,password123
user6312@example.com,password123
user6313@example.com,password123
user6314@example.com,password123
user6315@example.com,password123
user6316@example.com,password123
user6317@example.com,password123
user6318@example.com,password123
user6319@example.com,password123
user6320@example.com,password123
user6321@example.com,password123
user6322@example.com,password123
user6323@example.com,password123
user6324@example.com,password123
user6325@example.com,password123
user6326@example.com,password123
user6327@example.com,password123
user6328@example.com,password123
user6329@example.com,password123
user6330@example.com,password123
user6331@example.com,password123
user6332@example.com,password123
user6333@example.com,password123
user6334@example.com,password123
user6335@example.com,password123
user6336@example.com,password123
user6337@example.com,password123
user6338@example.com,password123
user6339@example.com,password123
user6340@example.com,password123
user6341@example.com,password123
user6342@example.com,password123
user6343@example.com,password123
user6344@example.com,password123
user6345@example.com,password123
user6346@example.com,password123
user6347@example.com,password123
user6348@example.com,password123
user6349@example.com,password123
user6350@example.com,password123
user6351@example.com,password123
user6352@example.com,password123
user6353@example.com,password123
user6354@example.com,password123
user6355@example.com,password123
user6356@example.com,password123
user6357@example.com,password123
user6358@example.com,password123
user6359@example.com,password123
user6360@example.com,password123
user6361@example.com,password123
user6362@example.com,password123
user6363@example.com,password123
user6364@example.com,password123
user6365@example.com,password123
user6366@example.com,password123
user6367@example.com,password123
user6368@example.com,password123
user6369@example.com,password123
user6370@example.com,password123
user6371@example.com,password123
user6372@example.com,password123
user6373@example.com,password123
user6374@example.com,password123
user6375@example.com,password123
user6376@example.com,password123
user6377@example.com,password123
user6378@example.com,password123
user6379@example.com,password123
user6380@example.com,password123
user6381@example.com,password123
user6382@example.com,password123
user6383@example.com,password123
user6384@example.com,password123
user6385@example.com,password123
user6386@example.com,password123
user6387@example.com,password123
user6388@example.com,password123
user6389@example.com,password123
user6390@example.com,password123
user6391@example.com,password123
user6392@example.com,password123
user6393@example.com,password123
user6394@example.com,password123
user6395@example.com,password123
user6396@example.com,password123
user6397@example.com,password123
user6398@example.com,password123
user6399@example.com,password123
user6400@example.com,password123
user6401@example.com,password123
user6402@example.com,password123
user6403@example.com,password123
user6404@example.com,password123
user6405@example.com,password123
user6406@example.com,password123
user6407@example.com,password123
user6408@example.com,password123
user6409@example.com,password123
user6410@example.com,password123
user6411@example.com,password123
user6412@example.com,password123
user6413@example.com,password123
user6414@example.com,password123
user6415@example.com,password123
user6416@example.com,password123
user6417@example.com,password123
user6418@example.com,password123
user6419@example.com,password123
user6420@example.com,password123
user6421@example.com,password123
user6422@example.com,password123
user6423@example.com,password123
user6424@example.com,password123
user6425@example.com,password123
user6426@example.com,password123
user6427@example.com,password123
user6428@example.com,password123
user6429@example.com,password123
user6430@example.com,password123
user6431@example.com,password123
user6432@example.com,password123
user6433@example.com,password123
user6434@example.com,password123
user6435@example.com,password123
user6436@example.com,password123
user6437@example.com,password123
user6438@example.com,password123
user6439@example.com,password123
user6440@example.com,password123
user6441@example.com,password123
user6442@example.com,password123
user6443@example.com,password123
user6444@example.com,password123
user6445@example.com,password123
user6446@example.com,password123
user6447@example.com,password123
user6448@example.com,password123
user6449@example.com,password123
user6450@example.com,password123
user6451@example.com,password123
user6452@example.com,password123
user6453@example.com,password123
user6454@example.com,password123
user6455@example.com,password123
user6456@example.com,password123
user6457@example.com,password123
user6458@example.com,password123
user6459@example.com,password123
user6460@example.com,password123
user6461@example.com,password123
user6462@example.com,password123
user6463@example.com,password123
user6464@example.com,password123
user6465@example.com,password123
user6466@example.com,password123
user6467@example.com,password123
user6468@example.com,password123
user6469@example.com,password123
user6470@example.com,password123
user6471@example.com,password123
user6472@example.com,password123
user6473@example.com,password123
user6474@example.com,password123
user6475@example.com,password123
user6476@example.com,password123
user6477@example.com,password123
user6478@example.com,password123
user6479@example.com,password123
user6480@example.com,password123
user6481@example.com,password123
user6482@example.com,password123
user6483@example.com,password123
user6484@example.com,password123
user6485@example.com,password123
user6486@example.com,password123
user6487@example.com,password123
user6488@example.com,password123
user6489@example.com,password123
user6490@example.com,password123
user6491@example.com,password123
user6492@example.com,password123
user6493@example.com,password123
user6494@example.com,password123
user6495@example.com,password123
user6496@example.com,password123
user6497@example.com,password123
user6498@example.com,password123
user6499@example.com,password123
user6500@example.com,password123
user6501@example.com,password123
user6502@example.com,password123
user6503@example.com,password123
user6504@example.com,password123
user6505@example.com,password123
user6506@example.com,password123
user6507@example.com,password123
user6508@example.com,password123
user6509@example.com,password123
user6510@example.com,password123
user6511@example.com,password123
user6512@example.com,password123
user6513@example.com,password123
user6514@example.com,password123
user6515@example.com,password123
user6516@example.com,password123
user6517@example.com,password123
user6518@example.com,password123
user6519@example.com,password123
user6520@example.com,password123
user6521@example.com,password123
user6522@example.com,password123
user6523@example.com,password123
user6524@example.com,password123
user6525@example.com,password123
user6526@example.com,password123
user6527@example.com,password123
user6528@example.com,password123
user6529@example.com,password123
user6530@example.com,password123
user6531@example.com,password123
user6532@example.com,password123
user6533@example.com,password123
user6534@example.com,password123
user6535@example.com,password123
user6536@example.com,password123
user6537@example.com,password123
user6538@example.com,password123
user6539@example.com,password123
user6540@example.com,password123
user6541@example.com,password123
user6542@example.com,password123
user6543@example.com,password123
user6544@example.com,password123
user6545@example.com,password123
user6546@example.com,password123
user6547@example.com,password123
user6548@example.com,password123
user6549@example.com,password123
user6550@example.com,password123
user6551@example.com,password123
user6552@example.com,password123
user6553@example.com,password123
user6554@example.com,password123
user6555@example.com,password123
user6556@example.com,password123
user6557@example.com,password123
user6558@example.com,password123
user6559@example.com,password123
user6560@example.com,password123
user6561@example.com,password123
user6562@example.com,password123
user6563@example.com,password123
user6564@example.com,password123
user6565@example.com,password123
user6566@example.com,password123
user6567@example.com,password123
user6568@example.com,password123
user6569@example.com,password123
user6570@example.com,password123
user6571@example.com,password123
user6572@example.com,password123
user6573@example.com,password123
user6574@example.com,password123
user6575@example.com,password123
user6576@example.com,password123
user6577@example.com,password123
user6578@example.com,password123
user6579@example.com,password123
user6580@example.com,password123
user6581@example.com,password123
user6582@example.com,password123
user6583@example.com,password123
user6584@example.com,password123
user6585@example.com,password123
user6586@example.com,password123
user6587@example.com,password123
user6588@example.com,password123
user6589@example.com,password123
user6590@example.com,password123
user6591@example.com,password123
user6592@example.com,password123
user6593@example.com,password123
user6594@example.com,password123
user6595@example.com,password123
user6596@example.com,password123
user6597@example.com,password123
user6598@example.com,password123
user6599@example.com,password123
user6600@example.com,password123
user6601@example.com,password123
user6602@example.com,password123
user6603@example.com,password123
user6604@example.com,password123
user6605@example.com,password123
user6606@example.com,password123
user6607@example.com,password123
user6608@example.com,password123
user6609@example.com,password123
user6610@example.com,password123
user6611@example.com,password123
user6612@example.com,password123
user6613@example.com,password123
user6614@example.com,password123
user6615@example.com,password123
user6616@example.com,password123
user6617@example.com,password123
user6618@example.com,password123
user6619@example.com,password123
user6620@example.com,password123
user6621@example.com,password123
user6622@example.com,password123
user6623@example.com,password123
user6624@example.com,password123
user6625@example.com,password123
user6626@example.com,password123
user6627@example.com,password123
user6628@example.com,password123
user6629@example.com,password123
user6630@example.com,password123
user6631@example.com,password123
user6632@example.com,password123
user6633@example.com,password123
user6634@example.com,password123
user6635@example.com,password123
user6636@example.com,password123
user6637@example.com,password123
user6638@example.com,password123
user6639@example.com,password123
user6640@example.com,password123
user6641@example.com,password123
user6642@example.com,password123
user6643@example.com,password123
user6644@example.com,password123
user6645@example.com,password123
user6646@example.com,password123
user6647@example.com,password123
user6648@example.com,password123
user6649@example.com,password123
user6650@example.com,password123
user6651@example.com,password123
user6652@example.com,password123
user6653@example.com,password123
user6654@example.com,password123
user6655@example.com,password123
user6656@example.com,password123
user6657@example.com,password123
user6658@example.com,password123
user6659@example.com,password123
user6660@example.com,password123
user6661@example.com,password123
user6662@example.com,password123
user6663@example.com,password123
user6664@example.com,password123
user6665@example.com,password123
user6666@example.com,password123
user6667@example.com,password123
user6668@example.com,password123
user6669@example.com,password123
user6670@example.com,password123
user6671@example.com,password123
user6672@example.com,password123
user6673@example.com,password123
user6674@example.com,password123
user6675@example.com,password123
user6676@example.com,password123
user6677@example.com,password123
user6678@example.com,password123
user6679@example.com,password123
user6680@example.com,password123
user6681@example.com,password123
user6682@example.com,password123
user6683@example.com,password123
user6684@example.com,password123
user6685@example.com,password123
user6686@example.com,password123
user6687@example.com,password123
user6688@example.com,password123
user6689@example.com,password123
user6690@example.com,password123
user6691@example.com,password123
user6692@example.com,password123
user6693@example.com,password123
user6694@example.com,password123
user6695@example.com,password123
user6696@example.com,password123
user6697@example.com,password123
user6698@example.com,password123
user6699@example.com,password123
user6700@example.com,password123
user6701@example.com,password123
user6702@example.com,password123
user6703@example.com,password123
user6704@example.com,password123
user6705@example.com,password123
user6706@example.com,password123
user6707@example.com,password123
user6708@example.com,password123
user6709@example.com,password123
user6710@example.com,password123
user6711@example.com,password123
user6712@example.com,password123
user6713@example.com,password123
user6714@example.com,password123
user6715@example.com,password123
user6716@example.com,password123
user6717@example.com,password123
user6718@example.com,password123
user6719@example.com,password123
user6720@example.com,password123
user6721@example.com,password123
user6722@example.com,password123
user6723@example.com,password123
user6724@example.com,password123
user6725@example.com,password123
user6726@example.com,password123
user6727@example.com,password123
user6728@example.com,password123
user6729@example.com,password123
user6730@example.com,password123
user6731@example.com,password123
user6732@example.com,password123
user6733@example.com,password123
user6734@example.com,password123
user6735@example.com,password123
user6736@example.com,password123
user6737@example.com,password123
user6738@example.com,password123
user6739@example.com,password123
user6740@example.com,password123
user6741@example.com,password123
user6742@example.com,password123
user6743@example.com,password123
user6744@example.com,password123
user6745@example.com,password123
user6746@example.com,password123
user6747@example.com,password123
user6748@example.com,password123
user6749@example.com,password123
user6750@example.com,password123
user6751@example.com,password123
user6752@example.com,password123
user6753@example.com,password123
user6754@example.com,password123
user6755@example.com,password123
user6756@example.com,password123
user6757@example.com,password123
user6758@example.com,password123
user6759@example.com,password123
user6760@example.com,password123
user6761@example.com,password123
user6762@example.com,password123
user6763@example.com,password123
user6764@example.com,password123
user6765@example.com,password123
user6766@example.com,password123
user6767@example.com,password123
user6768@example.com,password123
user6769@example.com,password123
user6770@example.com,password123
user6771@example.com,password123
user6772@example.com,password123
user6773@example.com,password123
user6774@example.com,password123
user6775@example.com,password123
user6776@example.com,password123
user6777@example.com,password123
user6778@example.com,password123
user6779@example.com,password123
user6780@example.com,password123
user6781@example.com,password123
user6782@example.com,password123
user6783@example.com,password123
user6784@example.com,password123
user6785@example.com,password123
user6786@example.com,password123
user6787@example.com,password123
user6788@example.com,password123
user6789@example.com,password123
user6790@example.com,password123
user6791@example.com,password123
user6792@example.com,password123
user6793@example.com,password123
user6794@example.com,password123
user6795@example.com,password123
user6796@example.com,password123
user6797@example.com,password123
user6798@example.com,password123
user6799@example.com,password123
user6800@example.com,password123
user6801@example.com,password123
user6802@example.com,password123
user6803@example.com,password123
user6804@example.com,password123
user6805@example.com,password123
user6806@example.com,password123
user6807@example.com,password123
user6808@example.com,password123
user6809@example.com,password123
user6810@example.com,password123
user6811@example.com,password123
user6812@example.com,password123
user6813@example.com,password123
user6814@example.com,password123
user6815@example.com,password123
user6816@example.com,password123
user6817@example.com,password123
user6818@example.com,password123
user6819@example.com,password123
user6820@example.com,password123
user6821@example.com,password123
user6822@example.com,password123
user6823@example.com,password123
user6824@example.com,password123
user6825@example.com,password123
user6826@example.com,password123
user6827@example.com,password123
user6828@example.com,password123
user6829@example.com,password123
user6830@example.com,password123
user6831@example.com,password123
user6832@example.com,password123
user6833@example.com,password123
user6834@example.com,password123
user6835@example.com,password123
user6836@example.com,password123
user6837@example.com,password123
user6838@example.com,password123
user6839@example.com,password123
user6840@example.com,password123
user6841@example.com,password123
user6842@example.com,password123
user6843@example.com,password123
user6844@example.com,password123
user6845@example.com,password123
user6846@example.com,password123
user6847@example.com,password123
user6848@example.com,password123
user6849@example.com,password123
user6850@example.com,password123
user6851@example.com,password123
user6852@example.com,password123
user6853@example.com,password123
user6854@example.com,password123
user6855@example.com,password123
user6856@example.com,password123
user6857@example.com,password123
user6858@example.com,password123
user6859@example.com,password123
user6860@example.com,password123
user6861@example.com,password123
user6862@example.com,password123
user6863@example.com,password123
user6864@example.com,password123
user6865@example.com,password123
user6866@example.com,password123
user6867@example.com,password123
user6868@example.com,password123
user6869@example.com,password123
user6870@example.com,password123
user6871@example.com,password123
user6872@example.com,password123
user6873@example.com,password123
user6874@example.com,password123
user6875@example.com,password123
user6876@example.com,password123
user6877@example.com,password123
user6878@example.com,password123
user6879@example.com,password123
user6880@example.com,password123
user6881@example.com,password123
user6882@example.com,password123
user6883@example.com,password123
user6884@example.com,password123
user6885@example.com,password123
user6886@example.com,password123
user6887@example.com,password123
user6888@example.com,password123
user6889@example.com,password123
user6890@example.com,password123
user6891@example.com,password123
user6892@example.com,password123
user6893@example.com,password123
user6894@example.com,password123
user6895@example.com,password123
user6896@example.com,password123
user6897@example.com,password123
user6898@example.com,password123
user6899@example.com,password123
user6900@example.com,password123
user6901@example.com,password123
user6902@example.com,password123
user6903@example.com,password123
user6904@example.com,password123
user6905@example.com,password123
user6906@example.com,password123
user6907@example.com,password123
user6908@example.com,password123
user6909@example.com,password123
user6910@example.com,password123
user6911@example.com,password123
user6912@example.com,password123
user6913@example.com,password123
user6914@example.com,password123
user6915@example.com,password123
user6916@example.com,password123
user6917@example.com,password123
user6918@example.com,password123
user6919@example.com,password123
user6920@example.com,password123
user6921@example.com,password123
user6922@example.com,password123
user6923@example.com,password123
user6924@example.com,password123
user6925@example.com,password123
user6926@example.com,password123
user6927@example.com,password123
user6928@example.com,password123
user6929@example.com,password123
user6930@example.com,password123
user6931@example.com,password123
user6932@example.com,password123
user6933@example.com,password123
user6934@example.com,password123
user6935@example.com,password123
user6936@example.com,password123
user6937@example.com,password123
user6938@example.com,password123
user6939@example.com,password123
user6940@example.com,password123
user6941@example.com,password123
user6942@example.com,password123
user6943@example.com,password123
user6944@example.com,password123
user6945@example.com,password123
user6946@example.com,password123
user6947@example.com,password123
user6948@example.com,password123
user6949@example.com,password123
user6950@example.com,password123
user6951@example.com,password123
user6952@example.com,password123
user6953@example.com,password123
user6954@example.com,password123
user6955@example.com,password123
user6956@example.com,password123
user6957@example.com,password123
user6958@example.com,password123
user6959@example.com,password123
user6960@example.com,password123
user6961@example.com,password123
user6962@example.com,password123
user6963@example.com,password123
user6964@example.com,password123
user6965@example.com,password123
user6966@example.com,password123
user6967@example.com,password123
user6968@example.com,password123
user6969@example.com,password123
user6970@example.com,password123
user6971@example.com,password123
user6972@example.com,password123
user6973@example.com,password123
user6974@example.com,password123
user6975@example.com,password123
user6976@example.com,password123
user6977@example.com,password123
user6978@example.com,password123
user6979@example.com,password123
user6980@example.com,password123
user6981@example.com,password123
user6982@example.com,password123
user6983@example.com,password123
user6984@example.com,password123
user6985@example.com,password123
user6986@example.com,password123
user6987@example.com,password123
user6988@example.com,password123
user6989@example.com,password123
user6990@example.com,password123
user6991@example.com,password123
user6992@example.com,password123
user6993@example.com,password123
user6994@example.com,password123
user6995@example.com,password123
user6996@example.com,password123
user6997@example.com,password123
user6998@example.com,password123
user6999@example.com,password123
user7000@example.com,password123
user7001@example.com,password123
user7002@example.com,password123
user7003@example.com,password123
user7004@example.com,password123
user7005@example.com,password123
user7006@example.com,password123
user7007@example.com,password123
user7008@example.com,password123
user7009@example.com,password123
user7010@example.com,password123
user7011@example.com,password123
user7012@example.com,password123
user7013@example.com,password123
user7014@example.com,password123
user7015@example.com,password123
user7016@example.com,password123
user7017@example.com,password123
user7018@example.com,password123
user7019@example.com,password123
user7020@example.com,password123
user7021@example.com,password123
user7022@example.com,password123
user7023@example.com,password123
user7024@example.com,password123
user7025@example.com,password123
user7026@example.com,password123
user7027@example.com,password123
user7028@example.com,password123
user7029@example.com,password123
user7030@example.com,password123
user7031@example.com,password123
user7032@example.com,password123
user7033@example.com,password123
user7034@example.com,password123
user7035@example.com,password123
user7036@example.com,password123
user7037@example.com,password123
user7038@example.com,password123
user7039@example.com,password123
user7040@example.com,password123
user7041@example.com,password123
user7042@example.com,password123
user7043@example.com,password123
user7044@example.com,password123
user7045@example.com,password123
user7046@example.com,password123
user7047@example.com,password123
user7048@example.com,password123
user7049@example.com,password123
user7050@example.com,password123
user7051@example.com,password123
user7052@example.com,password123
user7053@example.com,password123
user7054@example.com,password123
user7055@example.com,password123
user7056@example.com,password123
user7057@example.com,password123
user7058@example.com,password123
user7059@example.com,password123
user7060@example.com,password123
user7061@example.com,password123
user7062@example.com,password123
user7063@example.com,password123
user7064@example.com,password123
user7065@example.com,password123
user7066@example.com,password123
user7067@example.com,password123
user7068@example.com,password123
user7069@example.com,password123
user7070@example.com,password123
user7071@example.com,password123
user7072@example.com,password123
user7073@example.com,password123
user7074@example.com,password123
user7075@example.com,password123
user7076@example.com,password123
user7077@example.com,password123
user7078@example.com,password123
user7079@example.com,password123
user7080@example.com,password123
user7081@example.com,password123
user7082@example.com,password123
user7083@example.com,password123
user7084@example.com,password123
user7085@example.com,password123
user7086@example.com,password123
user7087@example.com,password123
user7088@example.com,password123
user7089@example.com,password123
user7090@example.com,password123
user7091@example.com,password123
user7092@example.com,password123
user7093@example.com,password123
user7094@example.com,password123
user7095@example.com,password123
user7096@example.com,password123
user7097@example.com,password123
user7098@example.com,password123
user7099@example.com,password123
user7100@example.com,password123
user7101@example.com,password123
user7102@example.com,password123
user7103@example.com,password123
user7104@example.com,password123
user7105@example.com,password123
user7106@example.com,password123
user7107@example.com,password123
user7108@example.com,password123
user7109@example.com,password123
user7110@example.com,password123
user7111@example.com,password123
user7112@example.com,password123
user7113@example.com,password123
user7114@example.com,password123
user7115@example.com,password123
user7116@example.com,password123
user7117@example.com,password123
user7118@example.com,password123
user7119@example.com,password123
user7120@example.com,password123
user7121@example.com,password123
user7122@example.com,password123
user7123@example.com,password123
user7124@example.com,password123
user7125@example.com,password123
user7126@example.com,password123
user7127@example.com,password123
user7128@example.com,password123
user7129@example.com,password123
user7130@example.com,password123
user7131@example.com,password123
user7132@example.com,password123
user7133@example.com,password123
user7134@example.com,password123
user7135@example.com,password123
user7136@example.com,password123
user7137@example.com,password123
user7138@example.com,password123
user7139@example.com,password123
user7140@example.com,password123
user7141@example.com,password123
user7142@example.com,password123
user7143@example.com,password123
user7144@example.com,password123
user7145@example.com,password123
user7146@example.com,password123
user7147@example.com,password123
user7148@example.com,password123
user7149@example.com,password123
user7150@example.com,password123
user7151@example.com,password123
user7152@example.com,password123
user7153@example.com,password123
user7154@example.com,password123
user7155@example.com,password123
user7156@example.com,password123
user7157@example.com,password123
user7158@example.com,password123
user7159@example.com,password123
user7160@example.com,password123
user7161@example.com,password123
user7162@example.com,password123
user7163@example.com,password123
user7164@example.com,password123
user7165@example.com,password123
user7166@example.com,password123
user7167@example.com,password123
user7168@example.com,password123
user7169@example.com,password123
user7170@example.com,password123
user7171@example.com,password123
user7172@example.com,password123
user7173@example.com,password123
user7174@example.com,password123
user7175@example.com,password123
user7176@example.com,password123
user7177@example.com,password123
user7178@example.com,password123
user7179@example.com,password123
user7180@example.com,password123
user7181@example.com,password123
user7182@example.com,password123
user7183@example.com,password123
user7184@example.com,password123
user7185@example.com,password123
user7186@example.com,password123
user7187@example.com,password123
user7188@example.com,password123
user7189@example.com,password123
user7190@example.com,password123
user7191@example.com,password123
user7192@example.com,password123
user7193@example.com,password123
user7194@example.com,password123
user7195@example.com,password123
user7196@example.com,password123
user7197@example.com,password123
user7198@example.com,password123
user7199@example.com,password123
user7200@example.com,password123
user7201@example.com,password123
user7202@example.com,password123
user7203@example.com,password123
user7204@example.com,password123
user7205@example.com,password123
user7206@example.com,password123
user7207@example.com,password123
user7208@example.com,password123
user7209@example.com,password123
user7210@example.com,password123
user7211@example.com,password123
user7212@example.com,password123
user7213@example.com,password123
user7214@example.com,password123
user7215@example.com,password123
user7216@example.com,password123
user7217@example.com,password123
user7218@example.com,password123
user7219@example.com,password123
user7220@example.com,password123
user7221@example.com,password123
user7222@example.com,password123
user7223@example.com,password123
user7224@example.com,password123
user7225@example.com,password123
user7226@example.com,password123
user7227@example.com,password123
user7228@example.com,password123
user7229@example.com,password123
user7230@example.com,password123
user7231@example.com,password123
user7232@example.com,password123
user7233@example.com,password123
user7234@example.com,password123
user7235@example.com,password123
user7236@example.com,password123
user7237@example.com,password123
user7238@example.com,password123
user7239@example.com,password123
user7240@example.com,password123
user7241@example.com,password123
user7242@example.com,password123
user7243@example.com,password123
user7244@example.com,password123
user7245@example.com,password123
user7246@example.com,password123
user7247@example.com,password123
user7248@example.com,password123
user7249@example.com,password123
user7250@example.com,password123
user7251@example.com,password123
user7252@example.com,password123
user7253@example.com,password123
user7254@example.com,password123
user7255@example.com,password123
user7256@example.com,password123
user7257@example.com,password123
user7258@example.com,password123
user7259@example.com,password123
user7260@example.com,password123
user7261@example.com,password123
user7262@example.com,password123
user7263@example.com,password123
user7264@example.com,password123
user7265@example.com,password123
user7266@example.com,password123
user7267@example.com,password123
user7268@example.com,password123
user7269@example.com,password123
user7270@example.com,password123
user7271@example.com,password123
user7272@example.com,password123
user7273@example.com,password123
user7274@example.com,password123
user7275@example.com,password123
user7276@example.com,password123
user7277@example.com,password123
user7278@example.com,password123
user7279@example.com,password123
user7280@example.com,password123
user7281@example.com,password123
user7282@example.com,password123
user7283@example.com,password123
user7284@example.com,password123
user7285@example.com,password123
user7286@example.com,password123
user7287@example.com,password123
user7288@example.com,password123
user7289@example.com,password123
user7290@example.com,password123
user7291@example.com,password123
user7292@example.com,password123
user7293@example.com,password123
user7294@example.com,password123
user7295@example.com,password123
user7296@example.com,password123
user7297@example.com,password123
user7298@example.com,password123
user7299@example.com,password123
user7300@example.com,password123
user7301@example.com,password123
user7302@example.com,password123
user7303@example.com,password123
user7304@example.com,password123
user7305@example.com,password123
user7306@example.com,password123
user7307@example.com,password123
user7308@example.com,password123
user7309@example.com,password123
user7310@example.com,password123
user7311@example.com,password123
user7312@example.com,password123
user7313@example.com,password123
user7314@example.com,password123
user7315@example.com,password123
user7316@example.com,password123
user7317@example.com,password123
user7318@example.com,password123
user7319@example.com,password123
user7320@example.com,password123
user7321@example.com,password123
user7322@example.com,password123
user7323@example.com,password123
user7324@example.com,password123
user7325@example.com,password123
user7326@example.com,password123
user7327@example.com,password123
user7328@example.com,password123
user7329@example.com,password123
user7330@example.com,password123
user7331@example.com,password123
user7332@example.com,password123
user7333@example.com,password123
user7334@example.com,password123
user7335@example.com,password123
user7336@example.com,password123
user7337@example.com,password123
user7338@example.com,password123
user7339@example.com,password123
user7340@example.com,password123
user7341@example.com,password123
user7342@example.com,password123
user7343@example.com,password123
user7344@example.com,password123
user7345@example.com,password123
user7346@example.com,password123
user7347@example.com,password123
user7348@example.com,password123
user7349@example.com,password123
user7350@example.com,password123
user7351@example.com,password123
user7352@example.com,password123
user7353@example.com,password123
user7354@example.com,password123
user7355@example.com,password123
user7356@example.com,password123
user7357@example.com,password123
user7358@example.com,password123
user7359@example.com,password123
user7360@example.com,password123
user7361@example.com,password123
user7362@example.com,password123
user7363@example.com,password123
user7364@example.com,password123
user7365@example.com,password123
user7366@example.com,password123
user7367@example.com,password123
user7368@example.com,password123
user7369@example.com,password123
user7370@example.com,password123
user7371@example.com,password123
user7372@example.com,password123
user7373@example.com,password123
user7374@example.com,password123
user7375@example.com,password123
user7376@example.com,password123
user7377@example.com,password123
user7378@example.com,password123
user7379@example.com,password123
user7380@example.com,password123
user7381@example.com,password123
user7382@example.com,password123
user7383@example.com,password123
user7384@example.com,password123
user7385@example.com,password123
user7386@example.com,password123
user7387@example.com,password123
user7388@example.com,password123
user7389@example.com,password123
user7390@example.com,password123
user7391@example.com,password123
user7392@example.com,password123
user7393@example.com,password123
user7394@example.com,password123
user7395@example.com,password123
user7396@example.com,password123
user7397@example.com,password123
user7398@example.com,password123
user7399@example.com,password123
user7400@example.com,password123
user7401@example.com,password123
user7402@example.com,password123
user7403@example.com,password123
user7404@example.com,password123
user7405@example.com,password123
user7406@example.com,password123
user7407@example.com,password123
user7408@example.com,password123
user7409@example.com,password123
user7410@example.com,password123
user7411@example.com,password123
user7412@example.com,password123
user7413@example.com,password123
user7414@example.com,password123
user7415@example.com,password123
user7416@example.com,password123
user7417@example.com,password123
user7418@example.com,password123
user7419@example.com,password123
user7420@example.com,password123
user7421@example.com,password123
user7422@example.com,password123
user7423@example.com,password123
user7424@example.com,password123
user7425@example.com,password123
user7426@example.com,password123
user7427@example.com,password123
user7428@example.com,password123
user7429@example.com,password123
user7430@example.com,password123
user7431@example.com,password123
user7432@example.com,password123
user7433@example.com,password123
user7434@example.com,password123
user7435@example.com,password123
user7436@example.com,password123
user7437@example.com,password123
user7438@example.com,password123
user7439@example.com,password123
user7440@example.com,password123
user7441@example.com,password123
user7442@example.com,password123
user7443@example.com,password123
user7444@example.com,password123
user7445@example.com,password123
user7446@example.com,password123
user7447@example.com,password123
user7448@example.com,password123
user7449@example.com,password123
user7450@example.com,password123
user7451@example.com,password123
user7452@example.com,password123
user7453@example.com,password123
user7454@example.com,password123
user7455@example.com,password123
user7456@example.com,password123
user7457@example.com,password123
user7458@example.com,password123
user7459@example.com,password123
user7460@example.com,password123
user7461@example.com,password123
user7462@example.com,password123
user7463@example.com,password123
user7464@example.com,password123
user7465@example.com,password123
user7466@example.com,password123
user7467@example.com,password123
user7468@example.com,password123
user7469@example.com,password123
user7470@example.com,password123
user7471@example.com,password123
user7472@example.com,password123
user7473@example.com,password123
user7474@example.com,password123
user7475@example.com,password123
user7476@example.com,password123
user7477@example.com,password123
user7478@example.com,password123
user7479@example.com,password123
user7480@example.com,password123
user7481@example.com,password123
user7482@example.com,password123
user7483@example.com,password123
user7484@example.com,password123
user7485@example.com,password123
user7486@example.com,password123
user7487@example.com,password123
user7488@example.com,password123
user7489@example.com,password123
user7490@example.com,password123
user7491@example.com,password123
user7492@example.com,password123
user7493@example.com,password123
user7494@example.com,password123
user7495@example.com,password123
user7496@example.com,password123
user7497@example.com,password123
user7498@example.com,password123
user7499@example.com,password123
user7500@example.com,password123
user7501@example.com,password123
user7502@example.com,password123
user7503@example.com,password123
user7504@example.com,password123
user7505@example.com,password123
user7506@example.com,password123
user7507@example.com,password123
user7508@example.com,password123
user7509@example.com,password123
user7510@example.com,password123
user7511@example.com,password123
user7512@example.com,password123
user7513@example.com,password123
user7514@example.com,password123
user7515@example.com,password123
user7516@example.com,password123
user7517@example.com,password123
user7518@example.com,password123
user7519@example.com,password123
user7520@example.com,password123
user7521@example.com,password123
user7522@example.com,password123
user7523@example.com,password123
user7524@example.com,password123
user7525@example.com,password123
user7526@example.com,password123
user7527@example.com,password123
user7528@example.com,password123
user7529@example.com,password123
user7530@example.com,password123
user7531@example.com,password123
user7532@example.com,password123
user7533@example.com,password123
user7534@example.com,password123
user7535@example.com,password123
user7536@example.com,password123
user7537@example.com,password123
user7538@example.com,password123
user7539@example.com,password123
user7540@example.com,password123
user7541@example.com,password123
user7542@example.com,password123
user7543@example.com,password123
user7544@example.com,password123
user7545@example.com,password123
user7546@example.com,password123
user7547@example.com,password123
user7548@example.com,password123
user7549@example.com,password123
user7550@example.com,password123
user7551@example.com,password123
user7552@example.com,password123
user7553@example.com,password123
user7554@example.com,password123
user7555@example.com,password123
user7556@example.com,password123
user7557@example.com,password123
user7558@example.com,password123
user7559@example.com,password123
user7560@example.com,password123
user7561@example.com,password123
user7562@example.com,password123
user7563@example.com,password123
user7564@example.com,password123
user7565@example.com,password123
user7566@example.com,password123
user7567@example.com,password123
user7568@example.com,password123
user7569@example.com,password123
user7570@example.com,password123
user7571@example.com,password123
user7572@example.com,password123
user7573@example.com,password123
user7574@example.com,password123
user7575@example.com,password123
user7576@example.com,password123
user7577@example.com,password123
user7578@example.com,password123
user7579@example.com,password123
user7580@example.com,password123
user7581@example.com,password123
user7582@example.com,password123
user7583@example.com,password123
user7584@example.com,password123
user7585@example.com,password123
user7586@example.com,password123
user7587@example.com,password123
user7588@example.com,password123
user7589@example.com,password123
user7590@example.com,password123
user7591@example.com,password123
user7592@example.com,password123
user7593@example.com,password123
user7594@example.com,password123
user7595@example.com,password123
user7596@example.com,password123
user7597@example.com,password123
user7598@example.com,password123
user7599@example.com,password123
user7600@example.com,password123
user7601@example.com,password123
user7602@example.com,password123
user7603@example.com,password123
user7604@example.com,password123
user7605@example.com,password123
user7606@example.com,password123
user7607@example.com,password123
user7608@example.com,password123
user7609@example.com,password123
user7610@example.com,password123
user7611@example.com,password123
user7612@example.com,password123
user7613@example.com,password123
user7614@example.com,password123
user7615@example.com,password123
user7616@example.com,password123
user7617@example.com,password123
user7618@example.com,password123
user7619@example.com,password123
user7620@example.com,password123
user7621@example.com,password123
user7622@example.com,password123
user7623@example.com,password123
user7624@example.com,password123
user7625@example.com,password123
user7626@example.com,password123
user7627@example.com,password123
user7628@example.com,password123
user7629@example.com,password123
user7630@example.com,password123
user7631@example.com,password123
user7632@example.com,password123
user7633@example.com,password123
user7634@example.com,password123
user7635@example.com,password123
user7636@example.com,password123
user7637@example.com,password123
user7638@example.com,password123
user7639@example.com,password123
user7640@example.com,password123
user7641@example.com,password123
user7642@example.com,password123
user7643@example.com,password123
user7644@example.com,password123
user7645@example.com,password123
user7646@example.com,password123
user7647@example.com,password123
user7648@example.com,password123
user7649@example.com,password123
user7650@example.com,password123
user7651@example.com,password123
user7652@example.com,password123
user7653@example.com,password123
user7654@example.com,password123
user7655@example.com,password123
user7656@example.com,password123
user7657@example.com,password123
user7658@example.com,password123
user7659@example.com,password123
user7660@example.com,password123
user7661@example.com,password123
user7662@example.com,password123
user7663@example.com,password123
user7664@example.com,password123
user7665@example.com,password123
user7666@example.com,password123
user7667@example.com,password123
user7668@example.com,password123
user7669@example.com,password123
user7670@example.com,password123
user7671@example.com,password123
user7672@example.com,password123
user7673@example.com,password123
user7674@example.com,password123
user7675@example.com,password123
user7676@example.com,password123
user7677@example.com,password123
user7678@example.com,password123
user7679@example.com,password123
user7680@example.com,password123
user7681@example.com,password123
user7682@example.com,password123
user7683@example.com,password123
user7684@example.com,password123
user7685@example.com,password123
user7686@example.com,password123
user7687@example.com,password123
user7688@example.com,password123
user7689@example.com,password123
user7690@example.com,password123
user7691@example.com,password123
user7692@example.com,password123
user7693@example.com,password123
user7694@example.com,password123
user7695@example.com,password123
user7696@example.com,password123
user7697@example.com,password123
user7698@example.com,password123
user7699@example.com,password123
user7700@example.com,password123
user7701@example.com,password123
user7702@example.com,password123
user7703@example.com,password123
user7704@example.com,password123
user7705@example.com,password123
user7706@example.com,password123
user7707@example.com,password123
user7708@example.com,password123
user7709@example.com,password123
user7710@example.com,password123
user7711@example.com,password123
user7712@example.com,password123
user7713@example.com,password123
user7714@example.com,password123
user7715@example.com,password123
user7716@example.com,password123
user7717@example.com,password123
user7718@example.com,password123
user7719@example.com,password123
user7720@example.com,password123
user7721@example.com,password123
user7722@example.com,password123
user7723@example.com,password123
user7724@example.com,password123
user7725@example.com,password123
user7726@example.com,password123
user7727@example.com,password123
user7728@example.com,password123
user7729@example.com,password123
user7730@example.com,password123
user7731@example.com,password123
user7732@example.com,password123
user7733@example.com,password123
user7734@example.com,password123
user7735@example.com,password123
user7736@example.com,password123
user7737@example.com,password123
user7738@example.com,password123
user7739@example.com,password123
user7740@example.com,password123
user7741@example.com,password123
user7742@example.com,password123
user7743@example.com,password123
user7744@example.com,password123
user7745@example.com,password123
user7746@example.com,password123
user7747@example.com,password123
user7748@example.com,password123
user7749@example.com,password123
user7750@example.com,password123
user7751@example.com,password123
user7752@example.com,password123
user7753@example.com,password123
user7754@example.com,password123
user7755@example.com,password123
user7756@example.com,password123
user7757@example.com,password123
user7758@example.com,password123
user7759@example.com,password123
user7760@example.com,password123
user7761@example.com,password123
user7762@example.com,password123
user7763@example.com,password123
user7764@example.com,password123
user7765@example.com,password123
user7766@example.com,password123
user7767@example.com,password123
user7768@example.com,password123
user7769@example.com,password123
user7770@example.com,password123
user7771@example.com,password123
user7772@example.com,password123
user7773@example.com,password123
user7774@example.com,password123
user7775@example.com,password123
user7776@example.com,password123
user7777@example.com,password123
user7778@example.com,password123
user7779@example.com,password123
user7780@example.com,password123
user7781@example.com,password123
user7782@example.com,password123
user7783@example.com,password123
user7784@example.com,password123
user7785@example.com,password123
user7786@example.com,password123
user7787@example.com,password123
user7788@example.com,password123
user7789@example.com,password123
user7790@example.com,password123
user7791@example.com,password123
user7792@example.com,password123
user7793@example.com,password123
user7794@example.com,password123
user7795@example.com,password123
user7796@example.com,password123
user7797@example.com,password123
user7798@example.com,password123
user7799@example.com,password123
user7800@example.com,password123
user7801@example.com,password123
user7802@example.com,password123
user7803@example.com,password123
user7804@example.com,password123
user7805@example.com,password123
user7806@example.com,password123
user7807@example.com,password123
user7808@example.com,password123
user7809@example.com,password123
user7810@example.com,password123
user7811@example.com,password123
user7812@example.com,password123
user7813@example.com,password123
user7814@example.com,password123
user7815@example.com,password123
user7816@example.com,password123
user7817@example.com,password123
user7818@example.com,password123
user7819@example.com,password123
user7820@example.com,password123
user7821@example.com,password123
user7822@example.com,password123
user7823@example.com,password123
user7824@example.com,password123
user7825@example.com,password123
user7826@example.com,password123
user7827@example.com,password123
user7828@example.com,password123
user7829@example.com,password123
user7830@example.com,password123
user7831@example.com,password123
user7832@example.com,password123
user7833@example.com,password123
user7834@example.com,password123
user7835@example.com,password123
user7836@example.com,password123
user7837@example.com,password123
user7838@example.com,password123
user7839@example.com,password123
user7840@example.com,password123
user7841@example.com,password123
user7842@example.com,password123
user7843@example.com,password123
user7844@example.com,password123
user7845@example.com,password123
user7846@example.com,password123
user7847@example.com,password123
user7848@example.com,password123
user7849@example.com,password123
user7850@example.com,password123
user7851@example.com,password123
user7852@example.com,password123
user7853@example.com,password123
user7854@example.com,password123
user7855@example.com,password123
user7856@example.com,password123
user7857@example.com,password123
user7858@example.com,password123
user7859@example.com,password123
user7860@example.com,password123
user7861@example.com,password123
user7862@example.com,password123
user7863@example.com,password123
user7864@example.com,password123
user7865@example.com,password123
user7866@example.com,password123
user7867@example.com,password123
user7868@example.com,password123
user7869@example.com,password123
user7870@example.com,password123
user7871@example.com,password123
user7872@example.com,password123
user7873@example.com,password123
user7874@example.com,password123
user7875@example.com,password123
user7876@example.com,password123
user7877@example.com,password123
user7878@example.com,password123
user7879@example.com,password123
user7880@example.com,password123
user7881@example.com,password123
user7882@example.com,password123
user7883@example.com,password123
user7884@example.com,password123
user7885@example.com,password123
user7886@example.com,password123
user7887@example.com,password123
user7888@example.com,password123
user7889@example.com,password123
user7890@example.com,password123
user7891@example.com,password123
user7892@example.com,password123
user7893@example.com,password123
user7894@example.com,password123
user7895@example.com,password123
user7896@example.com,password123
user7897@example.com,password123
user7898@example.com,password123
user7899@example.com,password123
user7900@example.com,password123
user7901@example.com,password123
user7902@example.com,password123
user7903@example.com,password123
user7904@example.com,password123
user7905@example.com,password123
user7906@example.com,password123
user7907@example.com,password123
user7908@example.com,password123
user7909@example.com,password123
user7910@example.com,password123
user7911@example.com,password123
user7912@example.com,password123
user7913@example.com,password123
user7914@example.com,password123
user7915@example.com,password123
user7916@example.com,password123
user7917@example.com,password123
user7918@example.com,password123
user7919@example.com,password123
user7920@example.com,password123
user7921@example.com,password123
user7922@example.com,password123
user7923@example.com,password123
user7924@example.com,password123
user7925@example.com,password123
user7926@example.com,password123
user7927@example.com,password123
user7928@example.com,password123
user7929@example.com,password123
user7930@example.com,password123
user7931@example.com,password123
user7932@example.com,password123
user7933@example.com,password123
user7934@example.com,password123
user7935@example.com,password123
user7936@example.com,password123
user7937@example.com,password123
user7938@example.com,password123
user7939@example.com,password123
user7940@example.com,password123
user7941@example.com,password123
user7942@example.com,password123
user7943@example.com,password123
user7944@example.com,password123
user7945@example.com,password123
user7946@example.com,password123
user7947@example.com,password123
user7948@example.com,password123
user7949@example.com,password123
user7950@example.com,password123
user7951@example.com,password123
user7952@example.com,password123
user7953@example.com,password123
user7954@example.com,password123
user7955@example.com,password123
user7956@example.com,password123
user7957@example.com,password123
user7958@example.com,password123
user7959@example.com,password123
user7960@example.com,password123
user7961@example.com,password123
user7962@example.com,password123
user7963@example.com,password123
user7964@example.com,password123
user7965@example.com,password123
user7966@example.com,password123
user7967@example.com,password123
user7968@example.com,password123
user7969@example.com,password123
user7970@example.com,password123
user7971@example.com,password123
user7972@example.com,password123
user7973@example.com,password123
user7974@example.com,password123
user7975@example.com,password123
user7976@example.com,password123
user7977@example.com,password123
user7978@example.com,password123
user7979@example.com,password123
user7980@example.com,password123
user7981@example.com,password123
user7982@example.com,password123
user7983@example.com,password123
user7984@example.com,password123
user7985@example.com,password123
user7986@example.com,password123
user7987@example.com,password123
user7988@example.com,password123
user7989@example.com,password123
user7990@example.com,password123
user7991@example.com,password123
user7992@example.com,password123
user7993@example.com,password123
user7994@example.com,password123
user7995@example.com,password123
user7996@example.com,password123
user7997@example.com,password123
user7998@example.com,password123
user7999@example.com,password123
user8000@example.com,password123
user8001@example.com,password123
user8002@example.com,password123
user8003@example.com,password123
user8004@example.com,password123
user8005@example.com,password123
user8006@example.com,password123
user8007@example.com,password123
user8008@example.com,password123
user8009@example.com,password123
user8010@example.com,password123
user8011@example.com,password123
user8012@example.com,password123
user8013@example.com,password123
user8014@example.com,password123
user8015@example.com,password123
user8016@example.com,password123
user8017@example.com,password123
user8018@example.com,password123
user8019@example.com,password123
user8020@example.com,password123
user8021@example.com,password123
user8022@example.com,password123
user8023@example.com,password123
user8024@example.com,password123
user8025@example.com,password123
user8026@example.com,password123
user8027@example.com,password123
user8028@example.com,password123
user8029@example.com,password123
user8030@example.com,password123
user8031@example.com,password123
user8032@example.com,password123
user8033@example.com,password123
user8034@example.com,password123
user8035@example.com,password123
user8036@example.com,password123
user8037@example.com,password123
user8038@example.com,password123
user8039@example.com,password123
user8040@example.com,password123
user8041@example.com,password123
user8042@example.com,password123
user8043@example.com,password123
user8044@example.com,password123
user8045@example.com,password123
user8046@example.com,password123
user8047@example.com,password123
user8048@example.com,password123
user8049@example.com,password123
user8050@example.com,password123
user8051@example.com,password123
user8052@example.com,password123
user8053@example.com,password123
user8054@example.com,password123
user8055@example.com,password123
user8056@example.com,password123
user8057@example.com,password123
user8058@example.com,password123
user8059@example.com,password123
user8060@example.com,password123
user8061@example.com,password123
user8062@example.com,password123
user8063@example.com,password123
user8064@example.com,password123
user8065@example.com,password123
user8066@example.com,password123
user8067@example.com,password123
user8068@example.com,password123
user8069@example.com,password123
user8070@example.com,password123
user8071@example.com,password123
user8072@example.com,password123
user8073@example.com,password123
user8074@example.com,password123
user8075@example.com,password123
user8076@example.com,password123
user8077@example.com,password123
user8078@example.com,password123
user8079@example.com,password123
user8080@example.com,password123
user8081@example.com,password123
user8082@example.com,password123
user8083@example.com,password123
user8084@example.com,password123
user8085@example.com,password123
user8086@example.com,password123
user8087@example.com,password123
user8088@example.com,password123
user8089@example.com,password123
user8090@example.com,password123
user8091@example.com,password123
user8092@example.com,password123
user8093@example.com,password123
user8094@example.com,password123
user8095@example.com,password123
user8096@example.com,password123
user8097@example.com,password123
user8098@example.com,password123
user8099@example.com,password123
user8100@example.com,password123
user8101@example.com,password123
user8102@example.com,password123
user8103@example.com,password123
user8104@example.com,password123
user8105@example.com,password123
user8106@example.com,password123
user8107@example.com,password123
user8108@example.com,password123
user8109@example.com,password123
user8110@example.com,password123
user8111@example.com,password123
user8112@example.com,password123
user8113@example.com,password123
user8114@example.com,password123
user8115@example.com,password123
user8116@example.com,password123
user8117@example.com,password123
user8118@example.com,password123
user8119@example.com,password123
user8120@example.com,password123
user8121@example.com,password123
user8122@example.com,password123
user8123@example.com,password123
user8124@example.com,password123
user8125@example.com,password123
user8126@example.com,password123
user8127@example.com,password123
user8128@example.com,password123
user8129@example.com,password123
user8130@example.com,password123
user8131@example.com,password123
user8132@example.com,password123
user8133@example.com,password123
user8134@example.com,password123
user8135@example.com,password123
user8136@example.com,password123
user8137@example.com,password123
user8138@example.com,password123
user8139@example.com,password123
user8140@example.com,password123
user8141@example.com,password123
user8142@example.com,password123
user8143@example.com,password123
user8144@example.com,password123
user8145@example.com,password123
user8146@example.com,password123
user8147@example.com,password123
user8148@example.com,password123
user8149@example.com,password123
user8150@example.com,password123
user8151@example.com,password123
user8152@example.com,password123
user8153@example.com,password123
user8154@example.com,password123
user8155@example.com,password123
user8156@example.com,password123
user8157@example.com,password123
user8158@example.com,password123
user8159@example.com,password123
user8160@example.com,password123
user8161@example.com,password123
user8162@example.com,password123
user8163@example.com,password123
user8164@example.com,password123
user8165@example.com,password123
user8166@example.com,password123
user8167@example.com,password123
user8168@example.com,password123
user8169@example.com,password123
user8170@example.com,password123
user8171@example.com,password123
user8172@example.com,password123
user8173@example.com,password123
user8174@example.com,password123
user8175@example.com,password123
user8176@example.com,password123
user8177@example.com,password123
user8178@example.com,password123
user8179@example.com,password123
user8180@example.com,password123
user8181@example.com,password123
user8182@example.com,password123
user8183@example.com,password123
user8184@example.com,password123
user8185@example.com,password123
user8186@example.com,password123
user8187@example.com,password123
user8188@example.com,password123
user8189@example.com,password123
user8190@example.com,password123
user8191@example.com,password123
user8192@example.com,password123
user8193@example.com,password123
user8194@example.com,password123
user8195@example.com,password123
user8196@example.com,password123
user8197@example.com,password123
user8198@example.com,password123
user8199@example.com,password123
user8200@example.com,password123
user8201@example.com,password123
user8202@example.com,password123
user8203@example.com,password123
user8204@example.com,password123
user8205@example.com,password123
user8206@example.com,password123
user8207@example.com,password123
user8208@example.com,password123
user8209@example.com,password123
user8210@example.com,password123
user8211@example.com,password123
user8212@example.com,password123
user8213@example.com,password123
user8214@example.com,password123
user8215@example.com,password123
user8216@example.com,password123
user8217@example.com,password123
user8218@example.com,password123
user8219@example.com,password123
user8220@example.com,password123
user8221@example.com,password123
user8222@example.com,password123
user8223@example.com,password123
user8224@example.com,password123
user8225@example.com,password123
user8226@example.com,password123
user8227@example.com,password123
user8228@example.com,password123
user8229@example.com,password123
user8230@example.com,password123
user8231@example.com,password123
user8232@example.com,password123
user8233@example.com,password123
user8234@example.com,password123
user8235@example.com,password123
user8236@example.com,password123
user8237@example.com,password123
user8238@example.com,password123
user8239@example.com,password123
user8240@example.com,password123
user8241@example.com,password123
user8242@example.com,password123
user8243@example.com,password123
user8244@example.com,password123
user8245@example.com,password123
user8246@example.com,password123
user8247@example.com,password123
user8248@example.com,password123
user8249@example.com,password123
user8250@example.com,password123
user8251@example.com,password123
user8252@example.com,password123
user8253@example.com,password123
user8254@example.com,password123
user8255@example.com,password123
user8256@example.com,password123
user8257@example.com,password123
user8258@example.com,password123
user8259@example.com,password123
user8260@example.com,password123
user8261@example.com,password123
user8262@example.com,password123
user8263@example.com,password123
user8264@example.com,password123
user8265@example.com,password123
user8266@example.com,password123
user8267@example.com,password123
user8268@example.com,password123
user8269@example.com,password123
user8270@example.com,password123
user8271@example.com,password123
user8272@example.com,password123
user8273@example.com,password123
user8274@example.com,password123
user8275@example.com,password123
user8276@example.com,password123
user8277@example.com,password123
user8278@example.com,password123
user8279@example.com,password123
user8280@example.com,password123
user8281@example.com,password123
user8282@example.com,password123
user8283@example.com,password123
user8284@example.com,password123
user8285@example.com,password123
user8286@example.com,password123
user8287@example.com,password123
user8288@example.com,password123
user8289@example.com,password123
user8290@example.com,password123
user8291@example.com,password123
user8292@example.com,password123
user8293@example.com,password123
user8294@example.com,password123
user8295@example.com,password123
user8296@example.com,password123
user8297@example.com,password123
user8298@example.com,password123
user8299@example.com,password123
user8300@example.com,password123
user8301@example.com,password123
user8302@example.com,password123
user8303@example.com,password123
user8304@example.com,password123
user8305@example.com,password123
user8306@example.com,password123
user8307@example.com,password123
user8308@example.com,password123
user8309@example.com,password123
user8310@example.com,password123
user8311@example.com,password123
user8312@example.com,password123
user8313@example.com,password123
user8314@example.com,password123
user8315@example.com,password123
user8316@example.com,password123
user8317@example.com,password123
user8318@example.com,password123
user8319@example.com,password123
user8320@example.com,password123
user8321@example.com,password123
user8322@example.com,password123
user8323@example.com,password123
user8324@example.com,password123
user8325@example.com,password123
user8326@example.com,password123
user8327@example.com,password123
user8328@example.com,password123
user8329@example.com,password123
user8330@example.com,password123
user8331@example.com,password123
user8332@example.com,password123
user8333@example.com,password123
user8334@example.com,password123
user8335@example.com,password123
user8336@example.com,password123
user8337@example.com,password123
user8338@example.com,password123
user8339@example.com,password123
user8340@example.com,password123
user8341@example.com,password123
user8342@example.com,password123
user8343@example.com,password123
user8344@example.com,password123
user8345@example.com,password123
user8346@example.com,password123
user8347@example.com,password123
user8348@example.com,password123
user8349@example.com,password123
user8350@example.com,password123
user8351@example.com,password123
user8352@example.com,password123
user8353@example.com,password123
user8354@example.com,password123
user8355@example.com,password123
user8356@example.com,password123
user8357@example.com,password123
user8358@example.com,password123
user8359@example.com,password123
user8360@example.com,password123
user8361@example.com,password123
user8362@example.com,password123
user8363@example.com,password123
user8364@example.com,password123
user8365@example.com,password123
user8366@example.com,password123
user8367@example.com,password123
user8368@example.com,password123
user8369@example.com,password123
user8370@example.com,password123
user8371@example.com,password123
user8372@example.com,password123
user8373@example.com,password123
user8374@example.com,password123
user8375@example.com,password123
user8376@example.com,password123
user8377@example.com,password123
user8378@example.com,password123
user8379@example.com,password123
user8380@example.com,password123
user8381@example.com,password123
user8382@example.com,password123
user8383@example.com,password123
user8384@example.com,password123
user8385@example.com,password123
user8386@example.com,password123
user8387@example.com,password123
user8388@example.com,password123
user8389@example.com,password123
user8390@example.com,password123
user8391@example.com,password123
user8392@example.com,password123
user8393@example.com,password123
user8394@example.com,password123
user8395@example.com,password123
user8396@example.com,password123
user8397@example.com,password123
user8398@example.com,password123
user8399@example.com,password123
user8400@example.com,password123
user8401@example.com,password123
user8402@example.com,password123
user8403@example.com,password123
user8404@example.com,password123
user8405@example.com,password123
user8406@example.com,password123
user8407@example.com,password123
user8408@example.com,password123
user8409@example.com,password123
user8410@example.com,password123
user8411@example.com,password123
user8412@example.com,password123
user8413@example.com,password123
user8414@example.com,password123
user8415@example.com,password123
user8416@example.com,password123
user8417@example.com,password123
user8418@example.com,password123
user8419@example.com,password123
user8420@example.com,password123
user8421@example.com,password123
user8422@example.com,password123
user8423@example.com,password123
user8424@example.com,password123
user8425@example.com,password123
user8426@example.com,password123
user8427@example.com,password123
user8428@example.com,password123
user8429@example.com,password123
user8430@example.com,password123
user8431@example.com,password123
user8432@example.com,password123
user8433@example.com,password123
user8434@example.com,password123
user8435@example.com,password123
user8436@example.com,password123
user8437@example.com,password123
user8438@example.com,password123
user8439@example.com,password123
user8440@example.com,password123
user8441@example.com,password123
user8442@example.com,password123
user8443@example.com,password123
user8444@example.com,password123
user8445@example.com,password123
user8446@example.com,password123
user8447@example.com,password123
user8448@example.com,password123
user8449@example.com,password123
user8450@example.com,password123
user8451@example.com,password123
user8452@example.com,password123
user8453@example.com,password123
user8454@example.com,password123
user8455@example.com,password123
user8456@example.com,password123
user8457@example.com,password123
user8458@example.com,password123
user8459@example.com,password123
user8460@example.com,password123
user8461@example.com,password123
user8462@example.com,password123
user8463@example.com,password123
user8464@example.com,password123
user8465@example.com,password123
user8466@example.com,password123
user8467@example.com,password123
user8468@example.com,password123
user8469@example.com,password123
user8470@example.com,password123
user8471@example.com,password123
user8472@example.com,password123
user8473@example.com,password123
user8474@example.com,password123
user8475@example.com,password123
user8476@example.com,password123
user8477@example.com,password123
user8478@example.com,password123
user8479@example.com,password123
user8480@example.com,password123
user8481@example.com,password123
user8482@example.com,password123
user8483@example.com,password123
user8484@example.com,password123
user8485@example.com,password123
user8486@example.com,password123
user8487@example.com,password123
user8488@example.com,password123
user8489@example.com,password123
user8490@example.com,password123
user8491@example.com,password123
user8492@example.com,password123
user8493@example.com,password123
user8494@example.com,password123
user8495@example.com,password123
user8496@example.com,password123
user8497@example.com,password123
user8498@example.com,password123
user8499@example.com,password123
user8500@example.com,password123
user8501@example.com,password123
user8502@example.com,password123
user8503@example.com,password123
user8504@example.com,password123
user8505@example.com,password123
user8506@example.com,password123
user8507@example.com,password123
user8508@example.com,password123
user8509@example.com,password123
user8510@example.com,password123
user8511@example.com,password123
user8512@example.com,password123
user8513@example.com,password123
user8514@example.com,password123
user8515@example.com,password123
user8516@example.com,password123
user8517@example.com,password123
user8518@example.com,password123
user8519@example.com,password123
user8520@example.com,password123
user8521@example.com,password123
user8522@example.com,password123
user8523@example.com,password123
user8524@example.com,password123
user8525@example.com,password123
user8526@example.com,password123
user8527@example.com,password123
user8528@example.com,password123
user8529@example.com,password123
user8530@example.com,password123
user8531@example.com,password123
user8532@example.com,password123
user8533@example.com,password123
user8534@example.com,password123
user8535@example.com,password123
user8536@example.com,password123
user8537@example.com,password123
user8538@example.com,password123
user8539@example.com,password123
user8540@example.com,password123
user8541@example.com,password123
user8542@example.com,password123
user8543@example.com,password123
user8544@example.com,password123
user8545@example.com,password123
user8546@example.com,password123
user8547@example.com,password123
user8548@example.com,password123
user8549@example.com,password123
user8550@example.com,password123
user8551@example.com,password123
user8552@example.com,password123
user8553@example.com,password123
user8554@example.com,password123
user8555@example.com,password123
user8556@example.com,password123
user8557@example.com,password123
user8558@example.com,password123
user8559@example.com,password123
user8560@example.com,password123
user8561@example.com,password123
user8562@example.com,password123
user8563@example.com,password123
user8564@example.com,password123
user8565@example.com,password123
user8566@example.com,password123
user8567@example.com,password123
user8568@example.com,password123
user8569@example.com,password123
user8570@example.com,password123
user8571@example.com,password123
user8572@example.com,password123
user8573@example.com,password123
user8574@example.com,password123
user8575@example.com,password123
user8576@example.com,password123
user8577@example.com,password123
user8578@example.com,password123
user8579@example.com,password123
user8580@example.com,password123
user8581@example.com,password123
user8582@example.com,password123
user8583@example.com,password123
user8584@example.com,password123
user8585@example.com,password123
user8586@example.com,password123
user8587@example.com,password123
user8588@example.com,password123
user8589@example.com,password123
user8590@example.com,password123
user8591@example.com,password123
user8592@example.com,password123
user8593@example.com,password123
user8594@example.com,password123
user8595@example.com,password123
user8596@example.com,password123
user8597@example.com,password123
user8598@example.com,password123
user8599@example.com,password123
user8600@example.com,password123
user8601@example.com,password123
user8602@example.com,password123
user8603@example.com,password123
user8604@example.com,password123
user8605@example.com,password123
user8606@example.com,password123
user8607@example.com,password123
user8608@example.com,password123
user8609@example.com,password123
user8610@example.com,password123
user8611@example.com,password123
user8612@example.com,password123
user8613@example.com,password123
user8614@example.com,password123
user8615@example.com,password123
user8616@example.com,password123
user8617@example.com,password123
user8618@example.com,password123
user8619@example.com,password123
user8620@example.com,password123
user8621@example.com,password123
user8622@example.com,password123
user8623@example.com,password123
user8624@example.com,password123
user8625@example.com,password123
user8626@example.com,password123
user8627@example.com,password123
user8628@example.com,password123
user8629@example.com,password123
user8630@example.com,password123
user8631@example.com,password123
user8632@example.com,password123
user8633@example.com,password123
user8634@example.com,password123
user8635@example.com,password123
user8636@example.com,password123
user8637@example.com,password123
user8638@example.com,password123
user8639@example.com,password123
user8640@example.com,password123
user8641@example.com,password123
user8642@example.com,password123
user8643@example.com,password123
user8644@example.com,password123
user8645@example.com,password123
user8646@example.com,password123
user8647@example.com,password123
user8648@example.com,password123
user8649@example.com,password123
user8650@example.com,password123
user8651@example.com,password123
user8652@example.com,password123
user8653@example.com,password123
user8654@example.com,password123
user8655@example.com,password123
user8656@example.com,password123
user8657@example.com,password123
user8658@example.com,password123
user8659@example.com,password123
user8660@example.com,password123
user8661@example.com,password123
user8662@example.com,password123
user8663@example.com,password123
user8664@example.com,password123
user8665@example.com,password123
user8666@example.com,password123
user8667@example.com,password123
user8668@example.com,password123
user8669@example.com,password123
user8670@example.com,password123
user8671@example.com,password123
user8672@example.com,password123
user8673@example.com,password123
user8674@example.com,password123
user8675@example.com,password123
user8676@example.com,password123
user8677@example.com,password123
user8678@example.com,password123
user8679@example.com,password123
user8680@example.com,password123
user8681@example.com,password123
user8682@example.com,password123
user8683@example.com,password123
user8684@example.com,password123
user8685@example.com,password123
user8686@example.com,password123
user8687@example.com,password123
user8688@example.com,password123
user8689@example.com,password123
user8690@example.com,password123
user8691@example.com,password123
user8692@example.com,password123
user8693@example.com,password123
user8694@example.com,password123
user8695@example.com,password123
user8696@example.com,password123
user8697@example.com,password123
user8698@example.com,password123
user8699@example.com,password123
user8700@example.com,password123
user8701@example.com,password123
user8702@example.com,password123
user8703@example.com,password123
user8704@example.com,password123
user8705@example.com,password123
user8706@example.com,password123
user8707@example.com,password123
user8708@example.com,password123
user8709@example.com,password123
user8710@example.com,password123
user8711@example.com,password123
user8712@example.com,password123
user8713@example.com,password123
user8714@example.com,password123
user8715@example.com,password123
user8716@example.com,password123
user8717@example.com,password123
user8718@example.com,password123
user8719@example.com,password123
user8720@example.com,password123
user8721@example.com,password123
user8722@example.com,password123
user8723@example.com,password123
user8724@example.com,password123
user8725@example.com,password123
user8726@example.com,password123
user8727@example.com,password123
user8728@example.com,password123
user8729@example.com,password123
user8730@example.com,password123
user8731@example.com,password123
user8732@example.com,password123
user8733@example.com,password123
user8734@example.com,password123
user8735@example.com,password123
user8736@example.com,password123
user8737@example.com,password123
user8738@example.com,password123
user8739@example.com,password123
user8740@example.com,password123
user8741@example.com,password123
user8742@example.com,password123
user8743@example.com,password123
user8744@example.com,password123
user8745@example.com,password123
user8746@example.com,password123
user8747@example.com,password123
user8748@example.com,password123
user8749@example.com,password123
user8750@example.com,password123
user8751@example.com,password123
user8752@example.com,password123
user8753@example.com,password123
user8754@example.com,password123
user8755@example.com,password123
user8756@example.com,password123
user8757@example.com,password123
user8758@example.com,password123
user8759@example.com,password123
user8760@example.com,password123
user8761@example.com,password123
user8762@example.com,password123
user8763@example.com,password123
user8764@example.com,password123
user8765@example.com,password123
user8766@example.com,password123
user8767@example.com,password123
user8768@example.com,password123
user8769@example.com,password123
user8770@example.com,password123
user8771@example.com,password123
user8772@example.com,password123
user8773@example.com,password123
user8774@example.com,password123
user8775@example.com,password123
user8776@example.com,password123
user8777@example.com,password123
user8778@example.com,password123
user8779@example.com,password123
user8780@example.com,password123
user8781@example.com,password123
user8782@example.com,password123
user8783@example.com,password123
user8784@example.com,password123
user8785@example.com,password123
user8786@example.com,password123
user8787@example.com,password123
user8788@example.com,password123
user8789@example.com,password123
user8790@example.com,password123
user8791@example.com,password123
user8792@example.com,password123
user8793@example.com,password123
user8794@example.com,password123
user8795@example.com,password123
user8796@example.com,password123
user8797@example.com,password123
user8798@example.com,password123
user8799@example.com,password123
user8800@example.com,password123
user8801@example.com,password123
user8802@example.com,password123
user8803@example.com,password123
user8804@example.com,password123
user8805@example.com,password123
user8806@example.com,password123
user8807@example.com,password123
user8808@example.com,password123
user8809@example.com,password123
user8810@example.com,password123
user8811@example.com,password123
user8812@example.com,password123
user8813@example.com,password123
user8814@example.com,password123
user8815@example.com,password123
user8816@example.com,password123
user8817@example.com,password123
user8818@example.com,password123
user8819@example.com,password123
user8820@example.com,password123
user8821@example.com,password123
user8822@example.com,password123
user8823@example.com,password123
user8824@example.com,password123
user8825@example.com,password123
user8826@example.com,password123
user8827@example.com,password123
user8828@example.com,password123
user8829@example.com,password123
user8830@example.com,password123
user8831@example.com,password123
user8832@example.com,password123
user8833@example.com,password123
user8834@example.com,password123
user8835@example.com,password123
user8836@example.com,password123
user8837@example.com,password123
user8838@example.com,password123
user8839@example.com,password123
user8840@example.com,password123
user8841@example.com,password123
user8842@example.com,password123
user8843@example.com,password123
user8844@example.com,password123
user8845@example.com,password123
user8846@example.com,password123
user8847@example.com,password123
user8848@example.com,password123
user8849@example.com,password123
user8850@example.com,password123
user8851@example.com,password123
user8852@example.com,password123
user8853@example.com,password123
user8854@example.com,password123
user8855@example.com,password123
user8856@example.com,password123
user8857@example.com,password123
user8858@example.com,password123
user8859@example.com,password123
user8860@example.com,password123
user8861@example.com,password123
user8862@example.com,password123
user8863@example.com,password123
user8864@example.com,password123
user8865@example.com,password123
user8866@example.com,password123
user8867@example.com,password123
user8868@example.com,password123
user8869@example.com,password123
user8870@example.com,password123
user8871@example.com,password123
user8872@example.com,password123
user8873@example.com,password123
user8874@example.com,password123
user8875@example.com,password123
user8876@example.com,password123
user8877@example.com,password123
user8878@example.com,password123
user8879@example.com,password123
user8880@example.com,password123
user8881@example.com,password123
user8882@example.com,password123
user8883@example.com,password123
user8884@example.com,password123
user8885@example.com,password123
user8886@example.com,password123
user8887@example.com,password123
user8888@example.com,password123
user8889@example.com,password123
user8890@example.com,password123
user8891@example.com,password123
user8892@example.com,password123
user8893@example.com,password123
user8894@example.com,password123
user8895@example.com,password123
user8896@example.com,password123
user8897@example.com,password123
user8898@example.com,password123
user8899@example.com,password123
user8900@example.com,password123
user8901@example.com,password123
user8902@example.com,password123
user8903@example.com,password123
user8904@example.com,password123
user8905@example.com,password123
user8906@example.com,password123
user8907@example.com,password123
user8908@example.com,password123
user8909@example.com,password123
user8910@example.com,password123
user8911@example.com,password123
user8912@example.com,password123
user8913@example.com,password123
user8914@example.com,password123
user8915@example.com,password123
user8916@example.com,password123
user8917@example.com,password123
user8918@example.com,password123
user8919@example.com,password123
user8920@example.com,password123
user8921@example.com,password123
user8922@example.com,password123
user8923@example.com,password123
user8924@example.com,password123
user8925@example.com,password123
user8926@example.com,password123
user8927@example.com,password123
user8928@example.com,password123
user8929@example.com,password123
user8930@example.com,password123
user8931@example.com,password123
user8932@example.com,password123
user8933@example.com,password123
user8934@example.com,password123
user8935@example.com,password123
user8936@example.com,password123
user8937@example.com,password123
user8938@example.com,password123
user8939@example.com,password123
user8940@example.com,password123
user8941@example.com,password123
user8942@example.com,password123
user8943@example.com,password123
user8944@example.com,password123
user8945@example.com,password123
user8946@example.com,password123
user8947@example.com,password123
user8948@example.com,password123
user8949@example.com,password123
user8950@example.com,password123
user8951@example.com,password123
user8952@example.com,password123
user8953@example.com,password123
user8954@example.com,password123
user8955@example.com,password123
user8956@example.com,password123
user8957@example.com,password123
user8958@example.com,password123
user8959@example.com,password123
user8960@example.com,password123
user8961@example.com,password123
user8962@example.com,password123
user8963@example.com,password123
user8964@example.com,password123
user8965@example.com,password123
user8966@example.com,password123
user8967@example.com,password123
user8968@example.com,password123
user8969@example.com,password123
user8970@example.com,password123
user8971@example.com,password123
user8972@example.com,password123
user8973@example.com,password123
user8974@example.com,password123
user8975@example.com,password123
user8976@example.com,password123
user8977@example.com,password123
user8978@example.com,password123
user8979@example.com,password123
user8980@example.com,password123
user8981@example.com,password123
user8982@example.com,password123
user8983@example.com,password123
user8984@example.com,password123
user8985@example.com,password123
user8986@example.com,password123
user8987@example.com,password123
user8988@example.com,password123
user8989@example.com,password123
user8990@example.com,password123
user8991@example.com,password123
user8992@example.com,password123
user8993@example.com,password123
user8994@example.com,password123
user8995@example.com,password123
user8996@example.com,password123
user8997@example.com,password123
user8998@example.com,password123
user8999@example.com,password123
user9000@example.com,password123
user9001@example.com,password123
user9002@example.com,password123
user9003@example.com,password123
user9004@example.com,password123
user9005@example.com,password123
user9006@example.com,password123
user9007@example.com,password123
user9008@example.com,password123
user9009@example.com,password123
user9010@example.com,password123
user9011@example.com,password123
user9012@example.com,password123
user9013@example.com,password123
user9014@example.com,password123
user9015@example.com,password123
user9016@example.com,password123
user9017@example.com,password123
user9018@example.com,password123
user9019@example.com,password123
user9020@example.com,password123
user9021@example.com,password123
user9022@example.com,password123
user9023@example.com,password123
user9024@example.com,password123
user9025@example.com,password123
user9026@example.com,password123
user9027@example.com,password123
user9028@example.com,password123
user9029@example.com,password123
user9030@example.com,password123
user9031@example.com,password123
user9032@example.com,password123
user9033@example.com,password123
user9034@example.com,password123
user9035@example.com,password123
user9036@example.com,password123
user9037@example.com,password123
user9038@example.com,password123
user9039@example.com,password123
user9040@example.com,password123
user9041@example.com,password123
user9042@example.com,password123
user9043@example.com,password123
user9044@example.com,password123
user9045@example.com,password123
user9046@example.com,password123
user9047@example.com,password123
user9048@example.com,password123
user9049@example.com,password123
user9050@example.com,password123
user9051@example.com,password123
user9052@example.com,password123
user9053@example.com,password123
user9054@example.com,password123
user9055@example.com,password123
user9056@example.com,password123
user9057@example.com,password123
user9058@example.com,password123
user9059@example.com,password123
user9060@example.com,password123
user9061@example.com,password123
user9062@example.com,password123
user9063@example.com,password123
user9064@example.com,password123
user9065@example.com,password123
user9066@example.com,password123
user9067@example.com,password123
user9068@example.com,password123
user9069@example.com,password123
user9070@example.com,password123
user9071@example.com,password123
user9072@example.com,password123
user9073@example.com,password123
user9074@example.com,password123
user9075@example.com,password123
user9076@example.com,password123
user9077@example.com,password123
user9078@example.com,password123
user9079@example.com,password123
user9080@example.com,password123
user9081@example.com,password123
user9082@example.com,password123
user9083@example.com,password123
user9084@example.com,password123
user9085@example.com,password123
user9086@example.com,password123
user9087@example.com,password123
user9088@example.com,password123
user9089@example.com,password123
user9090@example.com,password123
user9091@example.com,password123
user9092@example.com,password123
user9093@example.com,password123
user9094@example.com,password123
user9095@example.com,password123
user9096@example.com,password123
user9097@example.com,password123
user9098@example.com,password123
user9099@example.com,password123
user9100@example.com,password123
user9101@example.com,password123
user9102@example.com,password123
user9103@example.com,password123
user9104@example.com,password123
user9105@example.com,password123
user9106@example.com,password123
user9107@example.com,password123
user9108@example.com,password123
user9109@example.com,password123
user9110@example.com,password123
user9111@example.com,password123
user9112@example.com,password123
user9113@example.com,password123
user9114@example.com,password123
user9115@example.com,password123
user9116@example.com,password123
user9117@example.com,password123
user9118@example.com,password123
user9119@example.com,password123
user9120@example.com,password123
user9121@example.com,password123
user9122@example.com,password123
user9123@example.com,password123
user9124@example.com,password123
user9125@example.com,password123
user9126@example.com,password123
user9127@example.com,password123
user9128@example.com,password123
user9129@example.com,password123
user9130@example.com,password123
user9131@example.com,password123
user9132@example.com,password123
user9133@example.com,password123
user9134@example.com,password123
user9135@example.com,password123
user9136@example.com,password123
user9137@example.com,password123
user9138@example.com,password123
user9139@example.com,password123
user9140@example.com,password123
user9141@example.com,password123
user9142@example.com,password123
user9143@example.com,password123
user9144@example.com,password123
user9145@example.com,password123
user9146@example.com,password123
user9147@example.com,password123
user9148@example.com,password123
user9149@example.com,password123
user9150@example.com,password123
user9151@example.com,password123
user9152@example.com,password123
user9153@example.com,password123
user9154@example.com,password123
user9155@example.com,password123
user9156@example.com,password123
user9157@example.com,password123
user9158@example.com,password123
user9159@example.com,password123
user9160@example.com,password123
user9161@example.com,password123
user9162@example.com,password123
user9163@example.com,password123
user9164@example.com,password123
user9165@example.com,password123
user9166@example.com,password123
user9167@example.com,password123
user9168@example.com,password123
user9169@example.com,password123
user9170@example.com,password123
user9171@example.com,password123
user9172@example.com,password123
user9173@example.com,password123
user9174@example.com,password123
user9175@example.com,password123
user9176@example.com,password123
user9177@example.com,password123
user9178@example.com,password123
user9179@example.com,password123
user9180@example.com,password123
user9181@example.com,password123
user9182@example.com,password123
user9183@example.com,password123
user9184@example.com,password123
user9185@example.com,password123
user9186@example.com,password123
user9187@example.com,password123
user9188@example.com,password123
user9189@example.com,password123
user9190@example.com,password123
user9191@example.com,password123
user9192@example.com,password123
user9193@example.com,password123
user9194@example.com,password123
user9195@example.com,password123
user9196@example.com,password123
user9197@example.com,password123
user9198@example.com,password123
user9199@example.com,password123
user9200@example.com,password123
user9201@example.com,password123
user9202@example.com,password123
user9203@example.com,password123
user9204@example.com,password123
user9205@example.com,password123
user9206@example.com,password123
user9207@example.com,password123
user9208@example.com,password123
user9209@example.com,password123
user9210@example.com,password123
user9211@example.com,password123
user9212@example.com,password123
user9213@example.com,password123
user9214@example.com,password123
user9215@example.com,password123
user9216@example.com,password123
user9217@example.com,password123
user9218@example.com,password123
user9219@example.com,password123
user9220@example.com,password123
user9221@example.com,password123
user9222@example.com,password123
user9223@example.com,password123
user9224@example.com,password123
user9225@example.com,password123
user9226@example.com,password123
user9227@example.com,password123
user9228@example.com,password123
user9229@example.com,password123
user9230@example.com,password123
user9231@example.com,password123
user9232@example.com,password123
user9233@example.com,password123
user9234@example.com,password123
user9235@example.com,password123
user9236@example.com,password123
user9237@example.com,password123
user9238@example.com,password123
user9239@example.com,password123
user9240@example.com,password123
user9241@example.com,password123
user9242@example.com,password123
user9243@example.com,password123
user9244@example.com,password123
user9245@example.com,password123
user9246@example.com,password123
user9247@example.com,password123
user9248@example.com,password123
user9249@example.com,password123
user9250@example.com,password123
user9251@example.com,password123
user9252@example.com,password123
user9253@example.com,password123
user9254@example.com,password123
user9255@example.com,password123
user9256@example.com,password123
user9257@example.com,password123
user9258@example.com,password123
user9259@example.com,password123
user9260@example.com,password123
user9261@example.com,password123
user9262@example.com,password123
user9263@example.com,password123
user9264@example.com,password123
user9265@example.com,password123
user9266@example.com,password123
user9267@example.com,password123
user9268@example.com,password123
user9269@example.com,password123
user9270@example.com,password123
user9271@example.com,password123
user9272@example.com,password123
user9273@example.com,password123
user9274@example.com,password123
user9275@example.com,password123
user9276@example.com,password123
user9277@example.com,password123
user9278@example.com,password123
user9279@example.com,password123
user9280@example.com,password123
user9281@example.com,password123
user9282@example.com,password123
user9283@example.com,password123
user9284@example.com,password123
user9285@example.com,password123
user9286@example.com,password123
user9287@example.com,password123
user9288@example.com,password123
user9289@example.com,password123
user9290@example.com,password123
user9291@example.com,password123
user9292@example.com,password123
user9293@example.com,password123
user9294@example.com,password123
user9295@example.com,password123
user9296@example.com,password123
user9297@example.com,password123
user9298@example.com,password123
user9299@example.com,password123
user9300@example.com,password123
user9301@example.com,password123
user9302@example.com,password123
user9303@example.com,password123
user9304@example.com,password123
user9305@example.com,password123
user9306@example.com,password123
user9307@example.com,password123
user9308@example.com,password123
user9309@example.com,password123
user9310@example.com,password123
user9311@example.com,password123
user9312@example.com,password123
user9313@example.com,password123
user9314@example.com,password123
user9315@example.com,password123
user9316@example.com,password123
user9317@example.com,password123
user9318@example.com,password123
user9319@example.com,password123
user9320@example.com,password123
user9321@example.com,password123
user9322@example.com,password123
user9323@example.com,password123
user9324@example.com,password123
user9325@example.com,password123
user9326@example.com,password123
user9327@example.com,password123
user9328@example.com,password123
user9329@example.com,password123
user9330@example.com,password123
user9331@example.com,password123
user9332@example.com,password123
user9333@example.com,password123
user9334@example.com,password123
user9335@example.com,password123
user9336@example.com,password123
user9337@example.com,password123
user9338@example.com,password123
user9339@example.com,password123
user9340@example.com,password123
user9341@example.com,password123
user9342@example.com,password123
user9343@example.com,password123
user9344@example.com,password123
user9345@example.com,password123
user9346@example.com,password123
user9347@example.com,password123
user9348@example.com,password123
user9349@example.com,password123
user9350@example.com,password123
user9351@example.com,password123
user9352@example.com,password123
user9353@example.com,password123
user9354@example.com,password123
user9355@example.com,password123
user9356@example.com,password123
user9357@example.com,password123
user9358@example.com,password123
user9359@example.com,password123
user9360@example.com,password123
user9361@example.com,password123
user9362@example.com,password123
user9363@example.com,password123
user9364@example.com,password123
user9365@example.com,password123
user9366@example.com,password123
user9367@example.com,password123
user9368@example.com,password123
user9369@example.com,password123
user9370@example.com,password123
user9371@example.com,password123
user9372@example.com,password123
user9373@example.com,password123
user9374@example.com,password123
user9375@example.com,password123
user9376@example.com,password123
user9377@example.com,password123
user9378@example.com,password123
user9379@example.com,password123
user9380@example.com,password123
user9381@example.com,password123
user9382@example.com,password123
user9383@example.com,password123
user9384@example.com,password123
user9385@example.com,password123
user9386@example.com,password123
user9387@example.com,password123
user9388@example.com,password123
user9389@example.com,password123
user9390@example.com,password123
user9391@example.com,password123
user9392@example.com,password123
user9393@example.com,password123
user9394@example.com,password123
user9395@example.com,password123
user9396@example.com,password123
user9397@example.com,password123
user9398@example.com,password123
user9399@example.com,password123
user9400@example.com,password123
user9401@example.com,password123
user9402@example.com,password123
user9403@example.com,password123
user9404@example.com,password123
user9405@example.com,password123
user9406@example.com,password123
user9407@example.com,password123
user9408@example.com,password123
user9409@example.com,password123
user9410@example.com,password123
user9411@example.com,password123
user9412@example.com,password123
user9413@example.com,password123
user9414@example.com,password123
user9415@example.com,password123
user9416@example.com,password123
user9417@example.com,password123
user9418@example.com,password123
user9419@example.com,password123
user9420@example.com,password123
user9421@example.com,password123
user9422@example.com,password123
user9423@example.com,password123
user9424@example.com,password123
user9425@example.com,password123
user9426@example.com,password123
user9427@example.com,password123
user9428@example.com,password123
user9429@example.com,password123
user9430@example.com,password123
user9431@example.com,password123
user9432@example.com,password123
user9433@example.com,password123
user9434@example.com,password123
user9435@example.com,password123
user9436@example.com,password123
user9437@example.com,password123
user9438@example.com,password123
user9439@example.com,password123
user9440@example.com,password123
user9441@example.com,password123
user9442@example.com,password123
user9443@example.com,password123
user9444@example.com,password123
user9445@example.com,password123
user9446@example.com,password123
user9447@example.com,password123
user9448@example.com,password123
user9449@example.com,password123
user9450@example.com,password123
user9451@example.com,password123
user9452@example.com,password123
user9453@example.com,password123
user9454@example.com,password123
user9455@example.com,password123
user9456@example.com,password123
user9457@example.com,password123
user9458@example.com,password123
user9459@example.com,password123
user9460@example.com,password123
user9461@example.com,password123
user9462@example.com,password123
user9463@example.com,password123
user9464@example.com,password123
user9465@example.com,password123
user9466@example.com,password123
user9467@example.com,password123
user9468@example.com,password123
user9469@example.com,password123
user9470@example.com,password123
user9471@example.com,password123
user9472@example.com,password123
user9473@example.com,password123
user9474@example.com,password123
user9475@example.com,password123
user9476@example.com,password123
user9477@example.com,password123
user9478@example.com,password123
user9479@example.com,password123
user9480@example.com,password123
user9481@example.com,password123
user9482@example.com,password123
user9483@example.com,password123
user9484@example.com,password123
user9485@example.com,password123
user9486@example.com,password123
user9487@example.com,password123
user9488@example.com,password123
user9489@example.com,password123
user9490@example.com,password123
user9491@example.com,password123
user9492@example.com,password123
user9493@example.com,password123
user9494@example.com,password123
user9495@example.com,password123
user9496@example.com,password123
user9497@example.com,password123
user9498@example.com,password123
user9499@example.com,password123
user9500@example.com,password123
user9501@example.com,password123
user9502@example.com,password123
user9503@example.com,password123
user9504@example.com,password123
user9505@example.com,password123
user9506@example.com,password123
user9507@example.com,password123
user9508@example.com,password123
user9509@example.com,password123
user9510@example.com,password123
user9511@example.com,password123
user9512@example.com,password123
user9513@example.com,password123
user9514@example.com,password123
user9515@example.com,password123
user9516@example.com,password123
user9517@example.com,password123
user9518@example.com,password123
user9519@example.com,password123
user9520@example.com,password123
user9521@example.com,password123
user9522@example.com,password123
user9523@example.com,password123
user9524@example.com,password123
user9525@example.com,password123
user9526@example.com,password123
user9527@example.com,password123
user9528@example.com,password123
user9529@example.com,password123
user9530@example.com,password123
user9531@example.com,password123
user9532@example.com,password123
user9533@example.com,password123
user9534@example.com,password123
user9535@example.com,password123
user9536@example.com,password123
user9537@example.com,password123
user9538@example.com,password123
user9539@example.com,password123
user9540@example.com,password123
user9541@example.com,password123
user9542@example.com,password123
user9543@example.com,password123
user9544@example.com,password123
user9545@example.com,password123
user9546@example.com,password123
user9547@example.com,password123
user9548@example.com,password123
user9549@example.com,password123
user9550@example.com,password123
user9551@example.com,password123
user9552@example.com,password123
user9553@example.com,password123
user9554@example.com,password123
user9555@example.com,password123
user9556@example.com,password123
user9557@example.com,password123
user9558@example.com,password123
user9559@example.com,password123
user9560@example.com,password123
user9561@example.com,password123
user9562@example.com,password123
user9563@example.com,password123
user9564@example.com,password123
user9565@example.com,password123
user9566@example.com,password123
user9567@example.com,password123
user9568@example.com,password123
user9569@example.com,password123
user9570@example.com,password123
user9571@example.com,password123
user9572@example.com,password123
user9573@example.com,password123
user9574@example.com,password123
user9575@example.com,password123
user9576@example.com,password123
user9577@example.com,password123
user9578@example.com,password123
user9579@example.com,password123
user9580@example.com,password123
user9581@example.com,password123
user9582@example.com,password123
user9583@example.com,password123
user9584@example.com,password123
user9585@example.com,password123
user9586@example.com,password123
user9587@example.com,password123
user9588@example.com,password123
user9589@example.com,password123
user9590@example.com,password123
user9591@example.com,password123
user9592@example.com,password123
user9593@example.com,password123
user9594@example.com,password123
user9595@example.com,password123
user9596@example.com,password123
user9597@example.com,password123
user9598@example.com,password123
user9599@example.com,password123
user9600@example.com,password123
user9601@example.com,password123
user9602@example.com,password123
user9603@example.com,password123
user9604@example.com,password123
user9605@example.com,password123
user9606@example.com,password123
user9607@example.com,password123
user9608@example.com,password123
user9609@example.com,password123
user9610@example.com,password123
user9611@example.com,password123
user9612@example.com,password123
user9613@example.com,password123
user9614@example.com,password123
user9615@example.com,password123
user9616@example.com,password123
user9617@example.com,password123
user9618@example.com,password123
user9619@example.com,password123
user9620@example.com,password123
user9621@example.com,password123
user9622@example.com,password123
user9623@example.com,password123
user9624@example.com,password123
user9625@example.com,password123
user9626@example.com,password123
user9627@example.com,password123
user9628@example.com,password123
user9629@example.com,password123
user9630@example.com,password123
user9631@example.com,password123
user9632@example.com,password123
user9633@example.com,password123
user9634@example.com,password123
user9635@example.com,password123
user9636@example.com,password123
user9637@example.com,password123
user9638@example.com,password123
user9639@example.com,password123
user9640@example.com,password123
user9641@example.com,password123
user9642@example.com,password123
user9643@example.com,password123
user9644@example.com,password123
user9645@example.com,password123
user9646@example.com,password123
user9647@example.com,password123
user9648@example.com,password123
user9649@example.com,password123
user9650@example.com,password123
user9651@example.com,password123
user9652@example.com,password123
user9653@example.com,password123
user9654@example.com,password123
user9655@example.com,password123
user9656@example.com,password123
user9657@example.com,password123
user9658@example.com,password123
user9659@example.com,password123
user9660@example.com,password123
user9661@example.com,password123
user9662@example.com,password123
user9663@example.com,password123
user9664@example.com,password123
user9665@example.com,password123
user9666@example.com,password123
user9667@example.com,password123
user9668@example.com,password123
user9669@example.com,password123
user9670@example.com,password123
user9671@example.com,password123
user9672@example.com,password123
user9673@example.com,password123
user9674@example.com,password123
user9675@example.com,password123
user9676@example.com,password123
user9677@example.com,password123
user9678@example.com,password123
user9679@example.com,password123
user9680@example.com,password123
user9681@example.com,password123
user9682@example.com,password123
user9683@example.com,password123
user9684@example.com,password123
user9685@example.com,password123
user9686@example.com,password123
user9687@example.com,password123
user9688@example.com,password123
user9689@example.com,password123
user9690@example.com,password123
user9691@example.com,password123
user9692@example.com,password123
user9693@example.com,password123
user9694@example.com,password123
user9695@example.com,password123
user9696@example.com,password123
user9697@example.com,password123
user9698@example.com,password123
user9699@example.com,password123
user9700@example.com,password123
user9701@example.com,password123
user9702@example.com,password123
user9703@example.com,password123
user9704@example.com,password123
user9705@example.com,password123
user9706@example.com,password123
user9707@example.com,password123
user9708@example.com,password123
user9709@example.com,password123
user9710@example.com,password123
user9711@example.com,password123
user9712@example.com,password123
user9713@example.com,password123
user9714@example.com,password123
user9715@example.com,password123
user9716@example.com,password123
user9717@example.com,password123
user9718@example.com,password123
user9719@example.com,password123
user9720@example.com,password123
user9721@example.com,password123
user9722@example.com,password123
user9723@example.com,password123
user9724@example.com,password123
user9725@example.com,password123
user9726@example.com,password123
user9727@example.com,password123
user9728@example.com,password123
user9729@example.com,password123
user9730@example.com,password123
user9731@example.com,password123
user9732@example.com,password123
user9733@example.com,password123
user9734@example.com,password123
user9735@example.com,password123
user9736@example.com,password123
user9737@example.com,password123
user9738@example.com,password123
user9739@example.com,password123
user9740@example.com,password123
user9741@example.com,password123
user9742@example.com,password123
user9743@example.com,password123
user9744@example.com,password123
user9745@example.com,password123
user9746@example.com,password123
user9747@example.com,password123
user9748@example.com,password123
user9749@example.com,password123
user9750@example.com,password123
user9751@example.com,password123
user9752@example.com,password123
user9753@example.com,password123
user9754@example.com,password123
user9755@example.com,password123
user9756@example.com,password123
user9757@example.com,password123
user9758@example.com,password123
user9759@example.com,password123
user9760@example.com,password123
user9761@example.com,password123
user9762@example.com,password123
user9763@example.com,password123
user9764@example.com,password123
user9765@example.com,password123
user9766@example.com,password123
user9767@example.com,password123
user9768@example.com,password123
user9769@example.com,password123
user9770@example.com,password123
user9771@example.com,password123
user9772@example.com,password123
user9773@example.com,password123
user9774@example.com,password123
user9775@example.com,password123
user9776@example.com,password123
user9777@example.com,password123
user9778@example.com,password123
user9779@example.com,password123
user9780@example.com,password123
user9781@example.com,password123
user9782@example.com,password123
user9783@example.com,password123
user9784@example.com,password123
user9785@example.com,password123
user9786@example.com,password123
user9787@example.com,password123
user9788@example.com,password123
user9789@example.com,password123
user9790@example.com,password123
user9791@example.com,password123
user9792@example.com,password123
user9793@example.com,password123
user9794@example.com,password123
user9795@example.com,password123
user9796@example.com,password123
user9797@example.com,password123
user9798@example.com,password123
user9799@example.com,password123
user9800@example.com,password123
user9801@example.com,password123
user9802@example.com,password123
user9803@example.com,password123
user9804@example.com,password123
user9805@example.com,password123
user9806@example.com,password123
user9807@example.com,password123
user9808@example.com,password123
user9809@example.com,password123
user9810@example.com,password123
user9811@example.com,password123
user9812@example.com,password123
user9813@example.com,password123
user9814@example.com,password123
user9815@example.com,password123
user9816@example.com,password123
user9817@example.com,password123
user9818@example.com,password123
user9819@example.com,password123
user9820@example.com,password123
user9821@example.com,password123
user9822@example.com,password123
user9823@example.com,password123
user9824@example.com,password123
user9825@example.com,password123
user9826@example.com,password123
user9827@example.com,password123
user9828@example.com,password123
user9829@example.com,password123
user9830@example.com,password123
user9831@example.com,password123
user9832@example.com,password123
user9833@example.com,password123
user9834@example.com,password123
user9835@example.com,password123
user9836@example.com,password123
user9837@example.com,password123
user9838@example.com,password123
user9839@example.com,password123
user9840@example.com,password123
user9841@example.com,password123
user9842@example.com,password123
user9843@example.com,password123
user9844@example.com,password123
user9845@example.com,password123
user9846@example.com,password123
user9847@example.com,password123
user9848@example.com,password123
user9849@example.com,password123
user9850@example.com,password123
user9851@example.com,password123
user9852@example.com,password123
user9853@example.com,password123
user9854@example.com,password123
user9855@example.com,password123
user9856@example.com,password123
user9857@example.com,password123
user9858@example.com,password123
user9859@example.com,password123
user9860@example.com,password123
user9861@example.com,password123
user9862@example.com,password123
user9863@example.com,password123
user9864@example.com,password123
user9865@example.com,password123
user9866@example.com,password123
user9867@example.com,password123
user9868@example.com,password123
user9869@example.com,password123
user9870@example.com,password123
user9871@example.com,password123
user9872@example.com,password123
user9873@example.com,password123
user9874@example.com,password123
user9875@example.com,password123
user9876@example.com,password123
user9877@example.com,password123
user9878@example.com,password123
user9879@example.com,password123
user9880@example.com,password123
user9881@example.com,password123
user9882@example.com,password123
user9883@example.com,password123
user9884@example.com,password123
user9885@example.com,password123
user9886@example.com,password123
user9887@example.com,password123
user9888@example.com,password123
user9889@example.com,password123
user9890@example.com,password123
user9891@example.com,password123
user9892@example.com,password123
user9893@example.com,password123
user9894@example.com,password123
user9895@example.com,password123
user9896@example.com,password123
user9897@example.com,password123
user9898@example.com,password123
user9899@example.com,password123
user9900@example.com,password123
user9901@example.com,password123
user9902@example.com,password123
user9903@example.com,password123
user9904@example.com,password123
user9905@example.com,password123
user9906@example.com,password123
user9907@example.com,password123
user9908@example.com,password123
user9909@example.com,password123
user9910@example.com,password123
user9911@example.com,password123
user9912@example.com,password123
user9913@example.com,password123
user9914@example.com,password123
user9915@example.com,password123
user9916@example.com,password123
user9917@example.com,password123
user9918@example.com,password123
user9919@example.com,password123
user9920@example.com,password123
user9921@example.com,password123
user9922@example.com,password123
user9923@example.com,password123
user9924@example.com,password123
user9925@example.com,password123
user9926@example.com,password123
user9927@example.com,password123
user9928@example.com,password123
user9929@example.com,password123
user9930@example.com,password123
user9931@example.com,password123
user9932@example.com,password123
user9933@example.com,password123
user9934@example.com,password123
user9935@example.com,password123
user9936@example.com,password123
user9937@example.com,password123
user9938@example.com,password123
user9939@example.com,password123
user9940@example.com,password123
user9941@example.com,password123
user9942@example.com,password123
user9943@example.com,password123
user9944@example.com,password123
user9945@example.com,password123
user9946@example.com,password123
user9947@example.com,password123
user9948@example.com,password123
user9949@example.com,password123
user9950@example.com,password123
user9951@example.com,password123
user9952@example.com,password123
user9953@example.com,password123
user9954@example.com,password123
user9955@example.com,password123
user9956@example.com,password123
user9957@example.com,password123
user9958@example.com,password123
user9959@example.com,password123
user9960@example.com,password123
user9961@example.com,password123
user9962@example.com,password123
user9963@example.com,password123
user9964@example.com,password123
user9965@example.com,password123
user9966@example.com,password123
user9967@example.com,password123
user9968@example.com,password123
user9969@example.com,password123
user9970@example.com,password123
user9971@example.com,password123
user9972@example.com,password123
user9973@example.com,password123
user9974@example.com,password123
user9975@example.com,password123
user9976@example.com,password123
user9977@example.com,password123
user9978@example.com,password123
user9979@example.com,password123
user9980@example.com,password123
user9981@example.com,password123
user9982@example.com,password123
user9983@example.com,password123
user9984@example.com,password123
user9985@example.com,password123
user9986@example.com,password123
user9987@example.com,password123
user9988@example.com,password123
user9989@example.com,password123
user9990@example.com,password123
user9991@example.com,password123
user9992@example.com,password123
user9993@example.com,password123
user9994@example.com,password123
user9995@example.com,password123
user9996@example.com,password123
user9997@example.com,password123
user9998@example.com,password123
user9999@example.com,password123
user10000@example.com,password123
